detector,nfeatures,upscale_factor,num_visual_words,training_subset_size,svm_kernel,svm_C,svm_gamma,mAP,test_accuracy,training_time,total_time
SIFT,500,4,500,0.3,linear,0.1,scale,0.4015079357612363,0.406,18.24941396713257,18.24941396713257
SIFT,500,4,500,0.3,linear,0.1,0.01,0.4015079357612363,0.406,18.26728129386902,18.26728129386902
SIFT,500,4,500,0.3,linear,0.1,0.001,0.4015079357612363,0.406,18.257649898529053,18.257649898529053
SIFT,500,4,500,0.3,linear,1.0,scale,0.40241792142166516,0.404,19.65298080444336,19.65298080444336
SIFT,500,4,500,0.3,linear,1.0,0.01,0.40241792142166516,0.404,19.559001207351685,19.559001207351685
SIFT,500,4,500,0.3,linear,1.0,0.001,0.40241792142166516,0.404,19.773659229278564,19.773659229278564
SIFT,500,4,500,0.3,linear,10.0,scale,0.4002542074852878,0.399,20.049744129180908,20.049744129180908
SIFT,500,4,500,0.3,linear,10.0,0.01,0.4002542074852878,0.399,20.70075511932373,20.70075511932373
SIFT,500,4,500,0.3,linear,10.0,0.001,0.4002542074852878,0.399,20.561620235443115,20.561620235443115
SIFT,500,4,500,0.3,rbf,0.1,scale,0.46240106893806354,0.458,27.293506145477295,27.293506145477295
SIFT,500,4,500,0.3,rbf,0.1,0.01,0.4014854871157073,0.305,15.854212999343872,15.854212999343872
SIFT,500,4,500,0.3,rbf,0.1,0.001,0.3980415147365519,0.287,15.67723798751831,15.67723798751831
SIFT,500,4,500,0.3,rbf,1.0,scale,0.4612957724111359,0.464,27.460290670394897,27.460290670394897
SIFT,500,4,500,0.3,rbf,1.0,0.01,0.4021884977369109,0.403,17.202306032180786,17.202306032180786
SIFT,500,4,500,0.3,rbf,1.0,0.001,0.395321232684601,0.356,14.147896766662598,14.147896766662598
SIFT,500,4,500,0.3,rbf,10.0,scale,0.4438028755799581,0.444,34.942492723464966,34.942492723464966
SIFT,500,4,500,0.3,rbf,10.0,0.01,0.402946774125463,0.397,17.89337921142578,17.89337921142578
SIFT,500,4,500,0.3,rbf,10.0,0.001,0.39520839303601507,0.406,15.68675708770752,15.68675708770752
SIFT,500,4,500,0.4,linear,0.1,scale,0.4056826815235697,0.385,12.688651084899902,12.688651084899902
SIFT,500,4,500,0.4,linear,0.1,0.01,0.4056826815235697,0.385,12.915173053741455,12.915173053741455
SIFT,500,4,500,0.4,linear,0.1,0.001,0.4056826815235697,0.385,12.67676591873169,12.67676591873169
SIFT,500,4,500,0.4,linear,1.0,scale,0.40475973850691654,0.38,13.365865230560303,13.365865230560303
SIFT,500,4,500,0.4,linear,1.0,0.01,0.40475973850691654,0.38,13.233669996261597,13.233669996261597
SIFT,500,4,500,0.4,linear,1.0,0.001,0.40475973850691654,0.38,13.15363097190857,13.15363097190857
SIFT,500,4,500,0.4,linear,10.0,scale,0.4053344443440797,0.392,13.241068840026855,13.241068840026855
SIFT,500,4,500,0.4,linear,10.0,0.01,0.4053344443440797,0.392,13.236145973205566,13.236145973205566
SIFT,500,4,500,0.4,linear,10.0,0.001,0.4053344443440797,0.392,13.317355155944824,13.317355155944824
SIFT,500,4,500,0.4,rbf,0.1,scale,0.4461405428384073,0.44,17.619920253753662,17.619920253753662
SIFT,500,4,500,0.4,rbf,0.1,0.01,0.39069308285346116,0.327,9.912307977676392,9.912307977676392
SIFT,500,4,500,0.4,rbf,0.1,0.001,0.3941808293724502,0.289,9.787947654724121,9.787947654724121
SIFT,500,4,500,0.4,rbf,1.0,scale,0.4444173596479783,0.443,18.0611572265625,18.0611572265625
SIFT,500,4,500,0.4,rbf,1.0,0.01,0.4021843739421948,0.394,10.750460863113403,10.750460863113403
SIFT,500,4,500,0.4,rbf,1.0,0.001,0.3946965596693192,0.33,9.915576696395874,9.915576696395874
SIFT,500,4,500,0.4,rbf,10.0,scale,0.4215541254584556,0.432,24.320246934890747,24.320246934890747
SIFT,500,4,500,0.4,rbf,10.0,0.01,0.4056622089680336,0.385,12.518439769744873,12.518439769744873
SIFT,500,4,500,0.4,rbf,10.0,0.001,0.4038214419445418,0.395,10.921992063522339,10.921992063522339
SIFT,500,4,500,0.5,linear,0.1,scale,0.3957492384458117,0.39,8.541866779327393,8.541866779327393
SIFT,500,4,500,0.5,linear,0.1,0.01,0.3957492384458117,0.39,8.494618892669678,8.494618892669678
SIFT,500,4,500,0.5,linear,0.1,0.001,0.3957492384458117,0.39,8.481819868087769,8.481819868087769
SIFT,500,4,500,0.5,linear,1.0,scale,0.39775413387553493,0.394,8.748963117599487,8.748963117599487
SIFT,500,4,500,0.5,linear,1.0,0.01,0.39775413387553493,0.394,8.711158037185669,8.711158037185669
SIFT,500,4,500,0.5,linear,1.0,0.001,0.39775413387553493,0.394,8.7030348777771,8.7030348777771
SIFT,500,4,500,0.5,linear,10.0,scale,0.4001295930470709,0.397,8.771394968032837,8.771394968032837
SIFT,500,4,500,0.5,linear,10.0,0.01,0.4001295930470709,0.397,8.809847116470337,8.809847116470337
SIFT,500,4,500,0.5,linear,10.0,0.001,0.4001295930470709,0.397,8.759730100631714,8.759730100631714
SIFT,500,4,500,0.5,rbf,0.1,scale,0.44754825359785605,0.446,11.553028106689453,11.553028106689453
SIFT,500,4,500,0.5,rbf,0.1,0.01,0.39622677872316453,0.382,6.4172821044921875,6.4172821044921875
SIFT,500,4,500,0.5,rbf,0.1,0.001,0.3946934046659929,0.265,6.559437990188599,6.559437990188599
SIFT,500,4,500,0.5,rbf,1.0,scale,0.4479167458317394,0.445,11.979388236999512,11.979388236999512
SIFT,500,4,500,0.5,rbf,1.0,0.01,0.39360648255234426,0.387,7.141678810119629,7.141678810119629
SIFT,500,4,500,0.5,rbf,1.0,0.001,0.3934566217056915,0.346,6.515221834182739,6.515221834182739
SIFT,500,4,500,0.5,rbf,10.0,scale,0.41839984935177077,0.418,15.836565971374512,15.836565971374512
SIFT,500,4,500,0.5,rbf,10.0,0.01,0.39756898931159845,0.393,8.066550970077515,8.066550970077515
SIFT,500,4,500,0.5,rbf,10.0,0.001,0.39280736260104276,0.394,7.088222980499268,7.088222980499268
SIFT,500,4,1000,0.3,linear,0.1,scale,0.3981014966661308,0.389,34.41538095474243,34.41538095474243
SIFT,500,4,1000,0.3,linear,0.1,0.01,0.3981014966661308,0.389,34.48949313163757,34.48949313163757
SIFT,500,4,1000,0.3,linear,0.1,0.001,0.3981014966661308,0.389,34.70414686203003,34.70414686203003
SIFT,500,4,1000,0.3,linear,1.0,scale,0.3972674544646577,0.395,37.22790002822876,37.22790002822876
SIFT,500,4,1000,0.3,linear,1.0,0.01,0.3972674544646577,0.395,37.05482077598572,37.05482077598572
SIFT,500,4,1000,0.3,linear,1.0,0.001,0.3972674544646577,0.395,37.02003598213196,37.02003598213196
SIFT,500,4,1000,0.3,linear,10.0,scale,0.39765311927834024,0.399,36.79814386367798,36.79814386367798
SIFT,500,4,1000,0.3,linear,10.0,0.01,0.39765311927834024,0.399,35.97453999519348,35.97453999519348
SIFT,500,4,1000,0.3,linear,10.0,0.001,0.39765311927834024,0.399,36.19142389297485,36.19142389297485
SIFT,500,4,1000,0.3,rbf,0.1,scale,0.4539326485899446,0.45,47.98132014274597,47.98132014274597
SIFT,500,4,1000,0.3,rbf,0.1,0.01,0.3903662631322629,0.337,28.50448203086853,28.50448203086853
SIFT,500,4,1000,0.3,rbf,0.1,0.001,0.39031130953870175,0.309,28.534515857696533,28.534515857696533
SIFT,500,4,1000,0.3,rbf,1.0,scale,0.45402226203176826,0.444,45.964462757110596,45.964462757110596
SIFT,500,4,1000,0.3,rbf,1.0,0.01,0.40034295881724463,0.398,29.888906002044678,29.888906002044678
SIFT,500,4,1000,0.3,rbf,1.0,0.001,0.3970714419295641,0.341,21.70016598701477,21.70016598701477
SIFT,500,4,1000,0.3,rbf,10.0,scale,0.43286811798629665,0.43,52.303674936294556,52.303674936294556
SIFT,500,4,1000,0.3,rbf,10.0,0.01,0.3998360935146127,0.395,29.000313758850098,29.000313758850098
SIFT,500,4,1000,0.3,rbf,10.0,0.001,0.39928890404912354,0.395,25.017646074295044,25.017646074295044
SIFT,500,4,1000,0.4,linear,0.1,scale,0.38088038764559845,0.385,20.29363203048706,20.29363203048706
SIFT,500,4,1000,0.4,linear,0.1,0.01,0.38088038764559845,0.385,20.738152980804443,20.738152980804443
SIFT,500,4,1000,0.4,linear,0.1,0.001,0.38088038764559845,0.385,21.52382731437683,21.52382731437683
SIFT,500,4,1000,0.4,linear,1.0,scale,0.38428408053758983,0.39,22.86506986618042,22.86506986618042
SIFT,500,4,1000,0.4,linear,1.0,0.01,0.38428408053758983,0.39,23.29283881187439,23.29283881187439
SIFT,500,4,1000,0.4,linear,1.0,0.001,0.38428408053758983,0.39,23.35775113105774,23.35775113105774
SIFT,500,4,1000,0.4,linear,10.0,scale,0.38326760524270126,0.392,24.13895893096924,24.13895893096924
SIFT,500,4,1000,0.4,linear,10.0,0.01,0.38326760524270126,0.392,24.34926414489746,24.34926414489746
SIFT,500,4,1000,0.4,linear,10.0,0.001,0.38326760524270126,0.392,24.851737022399902,24.851737022399902
SIFT,500,4,1000,0.4,rbf,0.1,scale,0.43354422265153963,0.447,34.83970499038696,34.83970499038696
SIFT,500,4,1000,0.4,rbf,0.1,0.01,0.38805108297849733,0.253,19.2502281665802,19.2502281665802
SIFT,500,4,1000,0.4,rbf,0.1,0.001,0.38375983683530684,0.284,19.347841024398804,19.347841024398804
SIFT,500,4,1000,0.4,rbf,1.0,scale,0.4341266350971285,0.449,32.764203786849976,32.764203786849976
SIFT,500,4,1000,0.4,rbf,1.0,0.01,0.3762057724306237,0.385,19.36982798576355,19.36982798576355
SIFT,500,4,1000,0.4,rbf,1.0,0.001,0.38051474192394436,0.227,16.550920963287354,16.550920963287354
SIFT,500,4,1000,0.4,rbf,10.0,scale,0.41047310889538213,0.407,36.564794063568115,36.564794063568115
SIFT,500,4,1000,0.4,rbf,10.0,0.01,0.3850850665196199,0.387,19.488150119781494,19.488150119781494
SIFT,500,4,1000,0.4,rbf,10.0,0.001,0.37854795207633063,0.388,17.366928100585938,17.366928100585938
SIFT,500,4,1000,0.5,linear,0.1,scale,0.4005565811955608,0.404,14.28331708908081,14.28331708908081
SIFT,500,4,1000,0.5,linear,0.1,0.01,0.4005565811955608,0.404,13.7236909866333,13.7236909866333
SIFT,500,4,1000,0.5,linear,0.1,0.001,0.4005565811955608,0.404,13.952679872512817,13.952679872512817
SIFT,500,4,1000,0.5,linear,1.0,scale,0.40167157769587536,0.404,15.180064916610718,15.180064916610718
SIFT,500,4,1000,0.5,linear,1.0,0.01,0.40167157769587536,0.404,16.903202772140503,16.903202772140503
SIFT,500,4,1000,0.5,linear,1.0,0.001,0.40167157769587536,0.404,17.282823085784912,17.282823085784912
SIFT,500,4,1000,0.5,linear,10.0,scale,0.40199344348749183,0.403,17.468780994415283,17.468780994415283
SIFT,500,4,1000,0.5,linear,10.0,0.01,0.40199344348749183,0.403,17.519629955291748,17.519629955291748
SIFT,500,4,1000,0.5,linear,10.0,0.001,0.40199344348749183,0.403,17.385563135147095,17.385563135147095
SIFT,500,4,1000,0.5,rbf,0.1,scale,0.4576289771658943,0.458,26.4407639503479,26.4407639503479
SIFT,500,4,1000,0.5,rbf,0.1,0.01,0.40339650382272463,0.356,14.452493906021118,14.452493906021118
SIFT,500,4,1000,0.5,rbf,0.1,0.001,0.40497349432496427,0.345,14.60177493095398,14.60177493095398
SIFT,500,4,1000,0.5,rbf,1.0,scale,0.45687987955806,0.462,23.951193809509277,23.951193809509277
SIFT,500,4,1000,0.5,rbf,1.0,0.01,0.40199988622380173,0.413,15.720471143722534,15.720471143722534
SIFT,500,4,1000,0.5,rbf,1.0,0.001,0.4002125249058651,0.319,14.277831792831421,14.277831792831421
SIFT,500,4,1000,0.5,rbf,10.0,scale,0.42503165049330854,0.43,27.235168933868408,27.235168933868408
SIFT,500,4,1000,0.5,rbf,10.0,0.01,0.40287676925663424,0.408,13.702546834945679,13.702546834945679
SIFT,500,4,1000,0.5,rbf,10.0,0.001,0.39627261183244655,0.397,11.72573709487915,11.72573709487915
SIFT,500,4,1500,0.3,linear,0.1,scale,0.40767588834096224,0.411,41.43142223358154,41.43142223358154
SIFT,500,4,1500,0.3,linear,0.1,0.01,0.40767588834096224,0.411,42.1256000995636,42.1256000995636
SIFT,500,4,1500,0.3,linear,0.1,0.001,0.40767588834096224,0.411,45.739076137542725,45.739076137542725
SIFT,500,4,1500,0.3,linear,1.0,scale,0.4088458852633431,0.413,51.61839318275452,51.61839318275452
SIFT,500,4,1500,0.3,linear,1.0,0.01,0.4088458852633431,0.413,53.0230278968811,53.0230278968811
SIFT,500,4,1500,0.3,linear,1.0,0.001,0.4088458852633431,0.413,53.081949949264526,53.081949949264526
SIFT,500,4,1500,0.3,linear,10.0,scale,0.40911844537821995,0.416,53.672789096832275,53.672789096832275
SIFT,500,4,1500,0.3,linear,10.0,0.01,0.40911844537821995,0.416,53.57191514968872,53.57191514968872
SIFT,500,4,1500,0.3,linear,10.0,0.001,0.40911844537821995,0.416,53.46086120605469,53.46086120605469
SIFT,500,4,1500,0.3,rbf,0.1,scale,0.4713531063322334,0.479,70.82870602607727,70.82870602607727
SIFT,500,4,1500,0.3,rbf,0.1,0.01,0.4036365622574383,0.382,39.34553527832031,39.34553527832031
SIFT,500,4,1500,0.3,rbf,0.1,0.001,0.3969094220380314,0.339,38.82682514190674,38.82682514190674
SIFT,500,4,1500,0.3,rbf,1.0,scale,0.4715969410931008,0.482,66.06031203269958,66.06031203269958
SIFT,500,4,1500,0.3,rbf,1.0,0.01,0.4027306482196805,0.409,41.5908989906311,41.5908989906311
SIFT,500,4,1500,0.3,rbf,1.0,0.001,0.40693562666771205,0.295,31.183566093444824,31.183566093444824
SIFT,500,4,1500,0.3,rbf,10.0,scale,0.4394755604689632,0.442,76.56136775016785,76.56136775016785
SIFT,500,4,1500,0.3,rbf,10.0,0.01,0.40978807097433245,0.42,42.86836290359497,42.86836290359497
SIFT,500,4,1500,0.3,rbf,10.0,0.001,0.399219465903948,0.401,35.66701316833496,35.66701316833496
SIFT,500,4,1500,0.4,linear,0.1,scale,0.406348848531122,0.407,31.230153799057007,31.230153799057007
SIFT,500,4,1500,0.4,linear,0.1,0.01,0.406348848531122,0.407,30.803279161453247,30.803279161453247
SIFT,500,4,1500,0.4,linear,0.1,0.001,0.406348848531122,0.407,30.715116024017334,30.715116024017334
SIFT,500,4,1500,0.4,linear,1.0,scale,0.4055655364988745,0.41,34.19058704376221,34.19058704376221
SIFT,500,4,1500,0.4,linear,1.0,0.01,0.4055655364988745,0.41,35.305596113204956,35.305596113204956
SIFT,500,4,1500,0.4,linear,1.0,0.001,0.4055655364988745,0.41,37.0669891834259,37.0669891834259
SIFT,500,4,1500,0.4,linear,10.0,scale,0.4071323081975737,0.408,38.3519651889801,38.3519651889801
SIFT,500,4,1500,0.4,linear,10.0,0.01,0.4071323081975737,0.408,38.88147711753845,38.88147711753845
SIFT,500,4,1500,0.4,linear,10.0,0.001,0.4071323081975737,0.408,38.735710859298706,38.735710859298706
SIFT,500,4,1500,0.4,rbf,0.1,scale,0.46849177233801775,0.459,51.980875968933105,51.980875968933105
SIFT,500,4,1500,0.4,rbf,0.1,0.01,0.4022008767981486,0.221,28.557491064071655,28.557491064071655
SIFT,500,4,1500,0.4,rbf,0.1,0.001,0.39858478349144477,0.276,28.413891077041626,28.413891077041626
SIFT,500,4,1500,0.4,rbf,1.0,scale,0.4685113329555116,0.454,48.70714807510376,48.70714807510376
SIFT,500,4,1500,0.4,rbf,1.0,0.01,0.40441258438674027,0.407,28.44312882423401,28.44312882423401
SIFT,500,4,1500,0.4,rbf,1.0,0.001,0.4005895091431242,0.372,24.081758975982666,24.081758975982666
SIFT,500,4,1500,0.4,rbf,10.0,scale,0.44117216066737697,0.442,55.9121310710907,55.9121310710907
SIFT,500,4,1500,0.4,rbf,10.0,0.01,0.4066435324894605,0.409,30.057312965393066,30.057312965393066
SIFT,500,4,1500,0.4,rbf,10.0,0.001,0.4026594424198621,0.412,24.3353590965271,24.3353590965271
SIFT,500,4,1500,0.5,linear,0.1,scale,0.39163824387225316,0.419,20.307260990142822,20.307260990142822
SIFT,500,4,1500,0.5,linear,0.1,0.01,0.39163824387225316,0.419,20.019439935684204,20.019439935684204
SIFT,500,4,1500,0.5,linear,0.1,0.001,0.39163824387225316,0.419,20.34059500694275,20.34059500694275
SIFT,500,4,1500,0.5,linear,1.0,scale,0.39441391279844495,0.417,25.452789068222046,25.452789068222046
SIFT,500,4,1500,0.5,linear,1.0,0.01,0.39441391279844495,0.417,25.729857206344604,25.729857206344604
SIFT,500,4,1500,0.5,linear,1.0,0.001,0.39441391279844495,0.417,26.002714157104492,26.002714157104492
SIFT,500,4,1500,0.5,linear,10.0,scale,0.3958660513520252,0.424,26.66476321220398,26.66476321220398
SIFT,500,4,1500,0.5,linear,10.0,0.01,0.3958660513520252,0.424,26.97825002670288,26.97825002670288
SIFT,500,4,1500,0.5,linear,10.0,0.001,0.3958660513520252,0.424,27.461036205291748,27.461036205291748
SIFT,500,4,1500,0.5,rbf,0.1,scale,0.4616714605169975,0.45,38.19593596458435,38.19593596458435
SIFT,500,4,1500,0.5,rbf,0.1,0.01,0.3840201231542424,0.367,19.832020044326782,19.832020044326782
SIFT,500,4,1500,0.5,rbf,0.1,0.001,0.3806129253681179,0.232,19.90662407875061,19.90662407875061
SIFT,500,4,1500,0.5,rbf,1.0,scale,0.4613070657477378,0.448,34.61400389671326,34.61400389671326
SIFT,500,4,1500,0.5,rbf,1.0,0.01,0.3872774494973431,0.414,20.359087228775024,20.359087228775024
SIFT,500,4,1500,0.5,rbf,1.0,0.001,0.3844295937111082,0.324,17.96983289718628,17.96983289718628
SIFT,500,4,1500,0.5,rbf,10.0,scale,0.4370996013735181,0.416,36.823508977890015,36.823508977890015
SIFT,500,4,1500,0.5,rbf,10.0,0.01,0.39427712556773586,0.421,21.550939083099365,21.550939083099365
SIFT,500,4,1500,0.5,rbf,10.0,0.001,0.3875633731164899,0.411,17.717365026474,17.717365026474
SIFT,500,2,500,0.3,linear,0.1,scale,0.38811108295010954,0.382,14.398031949996948,14.398031949996948
SIFT,500,2,500,0.3,linear,0.1,0.01,0.38811108295010954,0.382,14.216248750686646,14.216248750686646
SIFT,500,2,500,0.3,linear,0.1,0.001,0.38811108295010954,0.382,12.886383056640625,12.886383056640625
SIFT,500,2,500,0.3,linear,1.0,scale,0.3955546112901004,0.38,14.700839757919312,14.700839757919312
SIFT,500,2,500,0.3,linear,1.0,0.01,0.3955546112901004,0.38,14.725280046463013,14.725280046463013
SIFT,500,2,500,0.3,linear,1.0,0.001,0.3955546112901004,0.38,16.811277866363525,16.811277866363525
SIFT,500,2,500,0.3,linear,10.0,scale,0.39169863142664896,0.374,17.61350393295288,17.61350393295288
SIFT,500,2,500,0.3,linear,10.0,0.01,0.39169863142664896,0.374,17.748191833496094,17.748191833496094
SIFT,500,2,500,0.3,linear,10.0,0.001,0.39169863142664896,0.374,18.294326066970825,18.294326066970825
SIFT,500,2,500,0.3,rbf,0.1,scale,0.45043449844797256,0.442,25.165743827819824,25.165743827819824
SIFT,500,2,500,0.3,rbf,0.1,0.01,0.38506860228884626,0.262,13.75023365020752,13.75023365020752
SIFT,500,2,500,0.3,rbf,0.1,0.001,0.3832850805445015,0.313,14.209121942520142,14.209121942520142
SIFT,500,2,500,0.3,rbf,1.0,scale,0.44989437803448845,0.447,25.278267860412598,25.278267860412598
SIFT,500,2,500,0.3,rbf,1.0,0.01,0.3872419898347817,0.387,15.387994050979614,15.387994050979614
SIFT,500,2,500,0.3,rbf,1.0,0.001,0.38624925841198454,0.249,14.183053016662598,14.183053016662598
SIFT,500,2,500,0.3,rbf,10.0,scale,0.4294063576373697,0.435,34.25641107559204,34.25641107559204
SIFT,500,2,500,0.3,rbf,10.0,0.01,0.3963351034039531,0.379,17.468703985214233,17.468703985214233
SIFT,500,2,500,0.3,rbf,10.0,0.001,0.38705247742587245,0.388,15.2533860206604,15.2533860206604
SIFT,500,2,500,0.4,linear,0.1,scale,0.39401915101155127,0.401,12.48023796081543,12.48023796081543
SIFT,500,2,500,0.4,linear,0.1,0.01,0.39401915101155127,0.401,12.568315982818604,12.568315982818604
SIFT,500,2,500,0.4,linear,0.1,0.001,0.39401915101155127,0.401,12.481180906295776,12.481180906295776
SIFT,500,2,500,0.4,linear,1.0,scale,0.3938841259729814,0.395,13.176936864852905,13.176936864852905
SIFT,500,2,500,0.4,linear,1.0,0.01,0.3938841259729814,0.395,13.104414939880371,13.104414939880371
SIFT,500,2,500,0.4,linear,1.0,0.001,0.3938841259729814,0.395,13.18169903755188,13.18169903755188
SIFT,500,2,500,0.4,linear,10.0,scale,0.3926637608721311,0.395,13.336381196975708,13.336381196975708
SIFT,500,2,500,0.4,linear,10.0,0.01,0.3926637608721311,0.395,13.356762886047363,13.356762886047363
SIFT,500,2,500,0.4,linear,10.0,0.001,0.3926637608721311,0.395,13.269370079040527,13.269370079040527
SIFT,500,2,500,0.4,rbf,0.1,scale,0.4659157318984096,0.461,17.574872732162476,17.574872732162476
SIFT,500,2,500,0.4,rbf,0.1,0.01,0.3857549708596009,0.272,9.979425191879272,9.979425191879272
SIFT,500,2,500,0.4,rbf,0.1,0.001,0.39040751746711105,0.258,10.12834119796753,10.12834119796753
SIFT,500,2,500,0.4,rbf,1.0,scale,0.4663307283518681,0.471,18.195690870285034,18.195690870285034
SIFT,500,2,500,0.4,rbf,1.0,0.01,0.39310755332953196,0.407,10.984980821609497,10.984980821609497
SIFT,500,2,500,0.4,rbf,1.0,0.001,0.38380360602550173,0.287,10.039417266845703,10.039417266845703
SIFT,500,2,500,0.4,rbf,10.0,scale,0.45032294709515464,0.45,24.436737060546875,24.436737060546875
SIFT,500,2,500,0.4,rbf,10.0,0.01,0.3958267346308696,0.4,12.29831600189209,12.29831600189209
SIFT,500,2,500,0.4,rbf,10.0,0.001,0.3888323625653186,0.395,11.09502100944519,11.09502100944519
SIFT,500,2,500,0.5,linear,0.1,scale,0.39219605466010415,0.388,8.558600902557373,8.558600902557373
SIFT,500,2,500,0.5,linear,0.1,0.01,0.39219605466010415,0.388,8.420997858047485,8.420997858047485
SIFT,500,2,500,0.5,linear,0.1,0.001,0.39219605466010415,0.388,8.295320987701416,8.295320987701416
SIFT,500,2,500,0.5,linear,1.0,scale,0.3919836030672229,0.382,8.947143077850342,8.947143077850342
SIFT,500,2,500,0.5,linear,1.0,0.01,0.3919836030672229,0.382,8.948463201522827,8.948463201522827
SIFT,500,2,500,0.5,linear,1.0,0.001,0.3919836030672229,0.382,8.910346031188965,8.910346031188965
SIFT,500,2,500,0.5,linear,10.0,scale,0.3928883330255825,0.395,8.914186000823975,8.914186000823975
SIFT,500,2,500,0.5,linear,10.0,0.01,0.3928883330255825,0.395,8.82486081123352,8.82486081123352
SIFT,500,2,500,0.5,linear,10.0,0.001,0.3928883330255825,0.395,8.623791217803955,8.623791217803955
SIFT,500,2,500,0.5,rbf,0.1,scale,0.441288057582556,0.439,11.602416753768921,11.602416753768921
SIFT,500,2,500,0.5,rbf,0.1,0.01,0.3735352551169092,0.27,6.4396138191223145,6.4396138191223145
SIFT,500,2,500,0.5,rbf,0.1,0.001,0.3791573742837324,0.236,6.554274082183838,6.554274082183838
SIFT,500,2,500,0.5,rbf,1.0,scale,0.4413303342707904,0.445,11.894292116165161,11.894292116165161
SIFT,500,2,500,0.5,rbf,1.0,0.01,0.3875942200816249,0.385,7.285073757171631,7.285073757171631
SIFT,500,2,500,0.5,rbf,1.0,0.001,0.3740519024665107,0.311,6.55964207649231,6.55964207649231
SIFT,500,2,500,0.5,rbf,10.0,scale,0.42338852389586384,0.434,15.654383182525635,15.654383182525635
SIFT,500,2,500,0.5,rbf,10.0,0.01,0.3928442564128689,0.386,8.200684070587158,8.200684070587158
SIFT,500,2,500,0.5,rbf,10.0,0.001,0.3904281047392542,0.397,7.2568700313568115,7.2568700313568115
SIFT,500,2,1000,0.3,linear,0.1,scale,0.3848219515223751,0.409,34.697674036026,34.697674036026
SIFT,500,2,1000,0.3,linear,0.1,0.01,0.3848219515223751,0.409,34.80061602592468,34.80061602592468
SIFT,500,2,1000,0.3,linear,0.1,0.001,0.3848219515223751,0.409,35.324538230895996,35.324538230895996
SIFT,500,2,1000,0.3,linear,1.0,scale,0.3864099028326902,0.415,37.06253695487976,37.06253695487976
SIFT,500,2,1000,0.3,linear,1.0,0.01,0.3864099028326902,0.415,37.22164297103882,37.22164297103882
SIFT,500,2,1000,0.3,linear,1.0,0.001,0.3864099028326902,0.415,37.421626806259155,37.421626806259155
SIFT,500,2,1000,0.3,linear,10.0,scale,0.3873350374744639,0.418,36.93321919441223,36.93321919441223
SIFT,500,2,1000,0.3,linear,10.0,0.01,0.3873350374744639,0.418,36.21687579154968,36.21687579154968
SIFT,500,2,1000,0.3,linear,10.0,0.001,0.3873350374744639,0.418,36.22113394737244,36.22113394737244
SIFT,500,2,1000,0.3,rbf,0.1,scale,0.44442003498405713,0.446,48.16551494598389,48.16551494598389
SIFT,500,2,1000,0.3,rbf,0.1,0.01,0.3824643065860821,0.353,28.993660926818848,28.993660926818848
SIFT,500,2,1000,0.3,rbf,0.1,0.001,0.3853037449926244,0.324,28.885700941085815,28.885700941085815
SIFT,500,2,1000,0.3,rbf,1.0,scale,0.44531480374180027,0.447,46.603506088256836,46.603506088256836
SIFT,500,2,1000,0.3,rbf,1.0,0.01,0.38602197380328007,0.416,30.37722086906433,30.37722086906433
SIFT,500,2,1000,0.3,rbf,1.0,0.001,0.3855114774060321,0.34,22.476794958114624,22.476794958114624
SIFT,500,2,1000,0.3,rbf,10.0,scale,0.4173901493415201,0.429,53.384933948516846,53.384933948516846
SIFT,500,2,1000,0.3,rbf,10.0,0.01,0.3866986022550109,0.412,29.054169178009033,29.054169178009033
SIFT,500,2,1000,0.3,rbf,10.0,0.001,0.38066922915771106,0.406,25.61091184616089,25.61091184616089
SIFT,500,2,1000,0.4,linear,0.1,scale,0.38840665169087607,0.395,20.276379108428955,20.276379108428955
SIFT,500,2,1000,0.4,linear,0.1,0.01,0.38840665169087607,0.395,21.007113218307495,21.007113218307495
SIFT,500,2,1000,0.4,linear,0.1,0.001,0.38840665169087607,0.395,21.984392166137695,21.984392166137695
SIFT,500,2,1000,0.4,linear,1.0,scale,0.3895657864000876,0.396,23.307605028152466,23.307605028152466
SIFT,500,2,1000,0.4,linear,1.0,0.01,0.3895657864000876,0.396,23.850181818008423,23.850181818008423
SIFT,500,2,1000,0.4,linear,1.0,0.001,0.3895657864000876,0.396,24.19499182701111,24.19499182701111
SIFT,500,2,1000,0.4,linear,10.0,scale,0.3916007769407143,0.396,24.42478108406067,24.42478108406067
SIFT,500,2,1000,0.4,linear,10.0,0.01,0.3916007769407143,0.396,24.959699153900146,24.959699153900146
SIFT,500,2,1000,0.4,linear,10.0,0.001,0.3916007769407143,0.396,25.317050218582153,25.317050218582153
SIFT,500,2,1000,0.4,rbf,0.1,scale,0.46769978444715604,0.453,36.22584795951843,36.22584795951843
SIFT,500,2,1000,0.4,rbf,0.1,0.01,0.3772201796618461,0.341,19.770405054092407,19.770405054092407
SIFT,500,2,1000,0.4,rbf,0.1,0.001,0.3742846083429104,0.283,19.9204580783844,19.9204580783844
SIFT,500,2,1000,0.4,rbf,1.0,scale,0.46777695997868163,0.456,33.54220485687256,33.54220485687256
SIFT,500,2,1000,0.4,rbf,1.0,0.01,0.3785061240914727,0.398,20.050659894943237,20.050659894943237
SIFT,500,2,1000,0.4,rbf,1.0,0.001,0.37971052161269675,0.31,16.37375521659851,16.37375521659851
SIFT,500,2,1000,0.4,rbf,10.0,scale,0.42954264976816203,0.439,37.398783922195435,37.398783922195435
SIFT,500,2,1000,0.4,rbf,10.0,0.01,0.38962624032536547,0.392,19.92235803604126,19.92235803604126
SIFT,500,2,1000,0.4,rbf,10.0,0.001,0.3852719603900086,0.389,18.085500717163086,18.085500717163086
SIFT,500,2,1000,0.5,linear,0.1,scale,0.38254987661449436,0.391,14.600348949432373,14.600348949432373
SIFT,500,2,1000,0.5,linear,0.1,0.01,0.38254987661449436,0.391,14.22297215461731,14.22297215461731
SIFT,500,2,1000,0.5,linear,0.1,0.001,0.38254987661449436,0.391,13.935391902923584,13.935391902923584
SIFT,500,2,1000,0.5,linear,1.0,scale,0.38121191717992675,0.386,15.89809799194336,15.89809799194336
SIFT,500,2,1000,0.5,linear,1.0,0.01,0.38121191717992675,0.386,16.548769235610962,16.548769235610962
SIFT,500,2,1000,0.5,linear,1.0,0.001,0.38121191717992675,0.386,17.53221821784973,17.53221821784973
SIFT,500,2,1000,0.5,linear,10.0,scale,0.3811721932076534,0.388,17.711972951889038,17.711972951889038
SIFT,500,2,1000,0.5,linear,10.0,0.01,0.3811721932076534,0.388,17.802732944488525,17.802732944488525
SIFT,500,2,1000,0.5,linear,10.0,0.001,0.3811721932076534,0.388,17.635450839996338,17.635450839996338
SIFT,500,2,1000,0.5,rbf,0.1,scale,0.44987164007380487,0.439,23.82347011566162,23.82347011566162
SIFT,500,2,1000,0.5,rbf,0.1,0.01,0.3811014171763457,0.234,13.32405710220337,13.32405710220337
SIFT,500,2,1000,0.5,rbf,0.1,0.001,0.3781424549987641,0.286,13.337032794952393,13.337032794952393
SIFT,500,2,1000,0.5,rbf,1.0,scale,0.4512143427295636,0.444,22.012194871902466,22.012194871902466
SIFT,500,2,1000,0.5,rbf,1.0,0.01,0.3835595280970328,0.39,14.256248950958252,14.256248950958252
SIFT,500,2,1000,0.5,rbf,1.0,0.001,0.38470593882835313,0.375,12.81535005569458,12.81535005569458
SIFT,500,2,1000,0.5,rbf,10.0,scale,0.4273614509985559,0.435,26.21838879585266,26.21838879585266
SIFT,500,2,1000,0.5,rbf,10.0,0.01,0.38133034140488814,0.389,14.035555839538574,14.035555839538574
SIFT,500,2,1000,0.5,rbf,10.0,0.001,0.3782392013233679,0.387,11.962215185165405,11.962215185165405
SIFT,500,2,1500,0.3,linear,0.1,scale,0.3901468043209794,0.399,42.77448916435242,42.77448916435242
SIFT,500,2,1500,0.3,linear,0.1,0.01,0.3901468043209794,0.399,43.43874716758728,43.43874716758728
SIFT,500,2,1500,0.3,linear,0.1,0.001,0.3901468043209794,0.399,47.97951912879944,47.97951912879944
SIFT,500,2,1500,0.3,linear,1.0,scale,0.3942622802652102,0.407,54.02435302734375,54.02435302734375
SIFT,500,2,1500,0.3,linear,1.0,0.01,0.3942622802652102,0.407,54.3898241519928,54.3898241519928
SIFT,500,2,1500,0.3,linear,1.0,0.001,0.3942622802652102,0.407,54.75247621536255,54.75247621536255
SIFT,500,2,1500,0.3,linear,10.0,scale,0.39228411081672665,0.401,55.280949115753174,55.280949115753174
SIFT,500,2,1500,0.3,linear,10.0,0.01,0.39228411081672665,0.401,55.07292413711548,55.07292413711548
SIFT,500,2,1500,0.3,linear,10.0,0.001,0.39228411081672665,0.401,55.04974102973938,55.04974102973938
SIFT,500,2,1500,0.3,rbf,0.1,scale,0.4506831071764842,0.447,72.6264910697937,72.6264910697937
SIFT,500,2,1500,0.3,rbf,0.1,0.01,0.37685179599338736,0.233,40.36554169654846,40.36554169654846
SIFT,500,2,1500,0.3,rbf,0.1,0.001,0.3852154402148792,0.252,40.202632904052734,40.202632904052734
SIFT,500,2,1500,0.3,rbf,1.0,scale,0.4537358110129316,0.452,68.04638195037842,68.04638195037842
SIFT,500,2,1500,0.3,rbf,1.0,0.01,0.3814010714287134,0.4,42.60171699523926,42.60171699523926
SIFT,500,2,1500,0.3,rbf,1.0,0.001,0.37824658533352257,0.346,32.380707025527954,32.380707025527954
SIFT,500,2,1500,0.3,rbf,10.0,scale,0.4275506421263896,0.443,78.5574688911438,78.5574688911438
SIFT,500,2,1500,0.3,rbf,10.0,0.01,0.3932159250075288,0.403,43.469419956207275,43.469419956207275
SIFT,500,2,1500,0.3,rbf,10.0,0.001,0.38411027011790333,0.386,36.33201575279236,36.33201575279236
SIFT,500,2,1500,0.4,linear,0.1,scale,0.3877922757224638,0.398,31.35252594947815,31.35252594947815
SIFT,500,2,1500,0.4,linear,0.1,0.01,0.3877922757224638,0.398,31.77781105041504,31.77781105041504
SIFT,500,2,1500,0.4,linear,0.1,0.001,0.3877922757224638,0.398,31.628972053527832,31.628972053527832
SIFT,500,2,1500,0.4,linear,1.0,scale,0.3868551853329659,0.408,35.76865100860596,35.76865100860596
SIFT,500,2,1500,0.4,linear,1.0,0.01,0.3868551853329659,0.408,36.45938515663147,36.45938515663147
SIFT,500,2,1500,0.4,linear,1.0,0.001,0.3868551853329659,0.408,37.96227478981018,37.96227478981018
SIFT,500,2,1500,0.4,linear,10.0,scale,0.38651761746143765,0.408,38.94739508628845,38.94739508628845
SIFT,500,2,1500,0.4,linear,10.0,0.01,0.38651761746143765,0.408,39.47427201271057,39.47427201271057
SIFT,500,2,1500,0.4,linear,10.0,0.001,0.38651761746143765,0.408,39.61122107505798,39.61122107505798
SIFT,500,2,1500,0.4,rbf,0.1,scale,0.45200057188401505,0.455,53.82070708274841,53.82070708274841
SIFT,500,2,1500,0.4,rbf,0.1,0.01,0.3807833795391026,0.264,29.373852968215942,29.373852968215942
SIFT,500,2,1500,0.4,rbf,0.1,0.001,0.38059821998980914,0.237,29.45263385772705,29.45263385772705
SIFT,500,2,1500,0.4,rbf,1.0,scale,0.4527382469389803,0.453,51.54616713523865,51.54616713523865
SIFT,500,2,1500,0.4,rbf,1.0,0.01,0.3841267318813312,0.402,29.646350860595703,29.646350860595703
SIFT,500,2,1500,0.4,rbf,1.0,0.001,0.3788426182556835,0.336,25.00723099708557,25.00723099708557
SIFT,500,2,1500,0.4,rbf,10.0,scale,0.4319440678195551,0.431,58.097429037094116,58.097429037094116
SIFT,500,2,1500,0.4,rbf,10.0,0.01,0.3866009255870355,0.403,31.213164806365967,31.213164806365967
SIFT,500,2,1500,0.4,rbf,10.0,0.001,0.3874976987417867,0.405,25.754422903060913,25.754422903060913
SIFT,500,2,1500,0.5,linear,0.1,scale,0.3751522335843875,0.39,20.910393953323364,20.910393953323364
SIFT,500,2,1500,0.5,linear,0.1,0.01,0.3751522335843875,0.39,20.6631121635437,20.6631121635437
SIFT,500,2,1500,0.5,linear,0.1,0.001,0.3751522335843875,0.39,21.43330192565918,21.43330192565918
SIFT,500,2,1500,0.5,linear,1.0,scale,0.37536167635313133,0.387,26.531094074249268,26.531094074249268
SIFT,500,2,1500,0.5,linear,1.0,0.01,0.37536167635313133,0.387,26.8825101852417,26.8825101852417
SIFT,500,2,1500,0.5,linear,1.0,0.001,0.37536167635313133,0.387,26.989493131637573,26.989493131637573
SIFT,500,2,1500,0.5,linear,10.0,scale,0.37685340967170416,0.392,27.47572612762451,27.47572612762451
SIFT,500,2,1500,0.5,linear,10.0,0.01,0.37685340967170416,0.392,27.762176036834717,27.762176036834717
SIFT,500,2,1500,0.5,linear,10.0,0.001,0.37685340967170416,0.392,28.64344811439514,28.64344811439514
SIFT,500,2,1500,0.5,rbf,0.1,scale,0.44110819710569993,0.438,39.56038188934326,39.56038188934326
SIFT,500,2,1500,0.5,rbf,0.1,0.01,0.372195929630713,0.242,20.576390743255615,20.576390743255615
SIFT,500,2,1500,0.5,rbf,0.1,0.001,0.3684754112569857,0.254,20.495553016662598,20.495553016662598
SIFT,500,2,1500,0.5,rbf,1.0,scale,0.4419785522479359,0.439,35.30634522438049,35.30634522438049
SIFT,500,2,1500,0.5,rbf,1.0,0.01,0.3807348122424866,0.379,21.49264168739319,21.49264168739319
SIFT,500,2,1500,0.5,rbf,1.0,0.001,0.36732698294635263,0.37,19.12527894973755,19.12527894973755
SIFT,500,2,1500,0.5,rbf,10.0,scale,0.41517787558971575,0.415,38.65250897407532,38.65250897407532
SIFT,500,2,1500,0.5,rbf,10.0,0.01,0.3758936960137803,0.391,22.44900679588318,22.44900679588318
SIFT,500,2,1500,0.5,rbf,10.0,0.001,0.37380891881490097,0.389,18.53426694869995,18.53426694869995
SIFT,1000,4,500,0.3,linear,0.1,scale,0.4015079357612363,0.406,14.96417498588562,14.96417498588562
SIFT,1000,4,500,0.3,linear,0.1,0.01,0.4015079357612363,0.406,14.849729061126709,14.849729061126709
SIFT,1000,4,500,0.3,linear,0.1,0.001,0.4015079357612363,0.406,13.72365117073059,13.72365117073059
SIFT,1000,4,500,0.3,linear,1.0,scale,0.40241792142166516,0.404,15.404730081558228,15.404730081558228
SIFT,1000,4,500,0.3,linear,1.0,0.01,0.40241792142166516,0.404,15.35885500907898,15.35885500907898
SIFT,1000,4,500,0.3,linear,1.0,0.001,0.40241792142166516,0.404,17.398340940475464,17.398340940475464
SIFT,1000,4,500,0.3,linear,10.0,scale,0.4002542074852878,0.399,18.351326942443848,18.351326942443848
SIFT,1000,4,500,0.3,linear,10.0,0.01,0.4002542074852878,0.399,18.501118898391724,18.501118898391724
SIFT,1000,4,500,0.3,linear,10.0,0.001,0.4002542074852878,0.399,18.972459077835083,18.972459077835083
SIFT,1000,4,500,0.3,rbf,0.1,scale,0.46240106893806354,0.458,26.031059980392456,26.031059980392456
SIFT,1000,4,500,0.3,rbf,0.1,0.01,0.4014854871157073,0.305,14.187708854675293,14.187708854675293
SIFT,1000,4,500,0.3,rbf,0.1,0.001,0.3980415147365519,0.287,14.763183116912842,14.763183116912842
SIFT,1000,4,500,0.3,rbf,1.0,scale,0.4612957724111359,0.464,26.419148921966553,26.419148921966553
SIFT,1000,4,500,0.3,rbf,1.0,0.01,0.4021884977369109,0.403,16.100548028945923,16.100548028945923
SIFT,1000,4,500,0.3,rbf,1.0,0.001,0.395321232684601,0.356,14.72521710395813,14.72521710395813
SIFT,1000,4,500,0.3,rbf,10.0,scale,0.4438028755799581,0.444,35.57210302352905,35.57210302352905
SIFT,1000,4,500,0.3,rbf,10.0,0.01,0.402946774125463,0.397,18.166776180267334,18.166776180267334
SIFT,1000,4,500,0.3,rbf,10.0,0.001,0.39520839303601507,0.406,15.746592998504639,15.746592998504639
SIFT,1000,4,500,0.4,linear,0.1,scale,0.4056826815235697,0.385,12.858100891113281,12.858100891113281
SIFT,1000,4,500,0.4,linear,0.1,0.01,0.4056826815235697,0.385,12.829913139343262,12.829913139343262
SIFT,1000,4,500,0.4,linear,0.1,0.001,0.4056826815235697,0.385,12.915771007537842,12.915771007537842
SIFT,1000,4,500,0.4,linear,1.0,scale,0.40475973850691654,0.38,13.560763835906982,13.560763835906982
SIFT,1000,4,500,0.4,linear,1.0,0.01,0.40475973850691654,0.38,13.537607908248901,13.537607908248901
SIFT,1000,4,500,0.4,linear,1.0,0.001,0.40475973850691654,0.38,13.526018142700195,13.526018142700195
SIFT,1000,4,500,0.4,linear,10.0,scale,0.4053344443440797,0.392,13.713816165924072,13.713816165924072
SIFT,1000,4,500,0.4,linear,10.0,0.01,0.4053344443440797,0.392,13.66763424873352,13.66763424873352
SIFT,1000,4,500,0.4,linear,10.0,0.001,0.4053344443440797,0.392,13.66635274887085,13.66635274887085
SIFT,1000,4,500,0.4,rbf,0.1,scale,0.4461405428384073,0.44,18.34850311279297,18.34850311279297
SIFT,1000,4,500,0.4,rbf,0.1,0.01,0.39069308285346116,0.327,10.289399862289429,10.289399862289429
SIFT,1000,4,500,0.4,rbf,0.1,0.001,0.3941808293724502,0.289,10.266993761062622,10.266993761062622
SIFT,1000,4,500,0.4,rbf,1.0,scale,0.4444173596479783,0.443,18.667315006256104,18.667315006256104
SIFT,1000,4,500,0.4,rbf,1.0,0.01,0.4021843739421948,0.394,11.206080913543701,11.206080913543701
SIFT,1000,4,500,0.4,rbf,1.0,0.001,0.3946965596693192,0.33,10.246526956558228,10.246526956558228
SIFT,1000,4,500,0.4,rbf,10.0,scale,0.4215541254584556,0.432,24.93247699737549,24.93247699737549
SIFT,1000,4,500,0.4,rbf,10.0,0.01,0.4056622089680336,0.385,12.80334997177124,12.80334997177124
SIFT,1000,4,500,0.4,rbf,10.0,0.001,0.4038214419445418,0.395,11.01801872253418,11.01801872253418
SIFT,1000,4,500,0.5,linear,0.1,scale,0.3957492384458117,0.39,8.643727779388428,8.643727779388428
SIFT,1000,4,500,0.5,linear,0.1,0.01,0.3957492384458117,0.39,8.82884407043457,8.82884407043457
SIFT,1000,4,500,0.5,linear,0.1,0.001,0.3957492384458117,0.39,8.362226247787476,8.362226247787476
SIFT,1000,4,500,0.5,linear,1.0,scale,0.39775413387553493,0.394,9.071160793304443,9.071160793304443
SIFT,1000,4,500,0.5,linear,1.0,0.01,0.39775413387553493,0.394,9.146119832992554,9.146119832992554
SIFT,1000,4,500,0.5,linear,1.0,0.001,0.39775413387553493,0.394,9.048373222351074,9.048373222351074
SIFT,1000,4,500,0.5,linear,10.0,scale,0.4001295930470709,0.397,9.240622758865356,9.240622758865356
SIFT,1000,4,500,0.5,linear,10.0,0.01,0.4001295930470709,0.397,9.120147943496704,9.120147943496704
SIFT,1000,4,500,0.5,linear,10.0,0.001,0.4001295930470709,0.397,8.892702102661133,8.892702102661133
SIFT,1000,4,500,0.5,rbf,0.1,scale,0.44754825359785605,0.446,11.866233110427856,11.866233110427856
SIFT,1000,4,500,0.5,rbf,0.1,0.01,0.39622677872316453,0.382,6.763503074645996,6.763503074645996
SIFT,1000,4,500,0.5,rbf,0.1,0.001,0.3946934046659929,0.265,6.916264057159424,6.916264057159424
SIFT,1000,4,500,0.5,rbf,1.0,scale,0.4479167458317394,0.445,12.11462116241455,12.11462116241455
SIFT,1000,4,500,0.5,rbf,1.0,0.01,0.39360648255234426,0.387,7.440945863723755,7.440945863723755
SIFT,1000,4,500,0.5,rbf,1.0,0.001,0.3934566217056915,0.346,6.765342950820923,6.765342950820923
SIFT,1000,4,500,0.5,rbf,10.0,scale,0.41839984935177077,0.418,16.24731993675232,16.24731993675232
SIFT,1000,4,500,0.5,rbf,10.0,0.01,0.39756898931159845,0.393,8.512728929519653,8.512728929519653
SIFT,1000,4,500,0.5,rbf,10.0,0.001,0.39280736260104276,0.394,7.43452000617981,7.43452000617981
SIFT,1000,4,1000,0.3,linear,0.1,scale,0.3981014966661308,0.389,35.231396198272705,35.231396198272705
SIFT,1000,4,1000,0.3,linear,0.1,0.01,0.3981014966661308,0.389,35.56816577911377,35.56816577911377
SIFT,1000,4,1000,0.3,linear,0.1,0.001,0.3981014966661308,0.389,36.116676807403564,36.116676807403564
SIFT,1000,4,1000,0.3,linear,1.0,scale,0.3972674544646577,0.395,38.311819076538086,38.311819076538086
SIFT,1000,4,1000,0.3,linear,1.0,0.01,0.3972674544646577,0.395,38.365817070007324,38.365817070007324
SIFT,1000,4,1000,0.3,linear,1.0,0.001,0.3972674544646577,0.395,38.16607403755188,38.16607403755188
SIFT,1000,4,1000,0.3,linear,10.0,scale,0.39765311927834024,0.399,38.10435605049133,38.10435605049133
SIFT,1000,4,1000,0.3,linear,10.0,0.01,0.39765311927834024,0.399,37.2977819442749,37.2977819442749
SIFT,1000,4,1000,0.3,linear,10.0,0.001,0.39765311927834024,0.399,37.545239210128784,37.545239210128784
SIFT,1000,4,1000,0.3,rbf,0.1,scale,0.4539326485899446,0.45,49.30448508262634,49.30448508262634
SIFT,1000,4,1000,0.3,rbf,0.1,0.01,0.3903662631322629,0.337,29.61169695854187,29.61169695854187
SIFT,1000,4,1000,0.3,rbf,0.1,0.001,0.39031130953870175,0.309,29.506118059158325,29.506118059158325
SIFT,1000,4,1000,0.3,rbf,1.0,scale,0.45402226203176826,0.444,47.276000022888184,47.276000022888184
SIFT,1000,4,1000,0.3,rbf,1.0,0.01,0.40034295881724463,0.398,30.667141914367676,30.667141914367676
SIFT,1000,4,1000,0.3,rbf,1.0,0.001,0.3970714419295641,0.341,22.352240085601807,22.352240085601807
SIFT,1000,4,1000,0.3,rbf,10.0,scale,0.43286811798629665,0.43,53.618408203125,53.618408203125
SIFT,1000,4,1000,0.3,rbf,10.0,0.01,0.3998360935146127,0.395,29.61165714263916,29.61165714263916
SIFT,1000,4,1000,0.3,rbf,10.0,0.001,0.39928890404912354,0.395,25.747905015945435,25.747905015945435
SIFT,1000,4,1000,0.4,linear,0.1,scale,0.38088038764559845,0.385,20.546430826187134,20.546430826187134
SIFT,1000,4,1000,0.4,linear,0.1,0.01,0.38088038764559845,0.385,21.426119089126587,21.426119089126587
SIFT,1000,4,1000,0.4,linear,0.1,0.001,0.38088038764559845,0.385,22.302924871444702,22.302924871444702
SIFT,1000,4,1000,0.4,linear,1.0,scale,0.38428408053758983,0.39,23.563297986984253,23.563297986984253
SIFT,1000,4,1000,0.4,linear,1.0,0.01,0.38428408053758983,0.39,23.913572788238525,23.913572788238525
SIFT,1000,4,1000,0.4,linear,1.0,0.001,0.38428408053758983,0.39,24.388465881347656,24.388465881347656
SIFT,1000,4,1000,0.4,linear,10.0,scale,0.38326760524270126,0.392,24.856064081192017,24.856064081192017
SIFT,1000,4,1000,0.4,linear,10.0,0.01,0.38326760524270126,0.392,25.285911798477173,25.285911798477173
SIFT,1000,4,1000,0.4,linear,10.0,0.001,0.38326760524270126,0.392,25.853328943252563,25.853328943252563
SIFT,1000,4,1000,0.4,rbf,0.1,scale,0.43354422265153963,0.447,36.37918400764465,36.37918400764465
SIFT,1000,4,1000,0.4,rbf,0.1,0.01,0.38805108297849733,0.253,20.178043127059937,20.178043127059937
SIFT,1000,4,1000,0.4,rbf,0.1,0.001,0.38375983683530684,0.284,20.122598886489868,20.122598886489868
SIFT,1000,4,1000,0.4,rbf,1.0,scale,0.4341266350971285,0.449,34.26706624031067,34.26706624031067
SIFT,1000,4,1000,0.4,rbf,1.0,0.01,0.3762057724306237,0.385,20.33620309829712,20.33620309829712
SIFT,1000,4,1000,0.4,rbf,1.0,0.001,0.38051474192394436,0.227,16.571218252182007,16.571218252182007
SIFT,1000,4,1000,0.4,rbf,10.0,scale,0.41047310889538213,0.407,38.08418107032776,38.08418107032776
SIFT,1000,4,1000,0.4,rbf,10.0,0.01,0.3850850665196199,0.387,20.898822784423828,20.898822784423828
SIFT,1000,4,1000,0.4,rbf,10.0,0.001,0.37854795207633063,0.388,17.973709106445312,17.973709106445312
SIFT,1000,4,1000,0.5,linear,0.1,scale,0.4005565811955608,0.404,14.850720882415771,14.850720882415771
SIFT,1000,4,1000,0.5,linear,0.1,0.01,0.4005565811955608,0.404,14.226277112960815,14.226277112960815
SIFT,1000,4,1000,0.5,linear,0.1,0.001,0.4005565811955608,0.404,14.330842018127441,14.330842018127441
SIFT,1000,4,1000,0.5,linear,1.0,scale,0.40167157769587536,0.404,15.932903289794922,15.932903289794922
SIFT,1000,4,1000,0.5,linear,1.0,0.01,0.40167157769587536,0.404,17.348246097564697,17.348246097564697
SIFT,1000,4,1000,0.5,linear,1.0,0.001,0.40167157769587536,0.404,17.782541036605835,17.782541036605835
SIFT,1000,4,1000,0.5,linear,10.0,scale,0.40199344348749183,0.403,18.254143953323364,18.254143953323364
SIFT,1000,4,1000,0.5,linear,10.0,0.01,0.40199344348749183,0.403,17.97701096534729,17.97701096534729
SIFT,1000,4,1000,0.5,linear,10.0,0.001,0.40199344348749183,0.403,17.93322491645813,17.93322491645813
SIFT,1000,4,1000,0.5,rbf,0.1,scale,0.4576289771658943,0.458,25.15978693962097,25.15978693962097
SIFT,1000,4,1000,0.5,rbf,0.1,0.01,0.40339650382272463,0.356,13.894595861434937,13.894595861434937
SIFT,1000,4,1000,0.5,rbf,0.1,0.001,0.40497349432496427,0.345,13.92477798461914,13.92477798461914
SIFT,1000,4,1000,0.5,rbf,1.0,scale,0.45687987955806,0.462,22.551264762878418,22.551264762878418
SIFT,1000,4,1000,0.5,rbf,1.0,0.01,0.40199988622380173,0.413,14.965881824493408,14.965881824493408
SIFT,1000,4,1000,0.5,rbf,1.0,0.001,0.4002125249058651,0.319,13.58969497680664,13.58969497680664
SIFT,1000,4,1000,0.5,rbf,10.0,scale,0.42503165049330854,0.43,27.050599098205566,27.050599098205566
SIFT,1000,4,1000,0.5,rbf,10.0,0.01,0.40287676925663424,0.408,13.95045518875122,13.95045518875122
SIFT,1000,4,1000,0.5,rbf,10.0,0.001,0.39627261183244655,0.397,12.065374851226807,12.065374851226807
SIFT,1000,4,1500,0.3,linear,0.1,scale,0.40767588834096224,0.411,42.86707091331482,42.86707091331482
SIFT,1000,4,1500,0.3,linear,0.1,0.01,0.40767588834096224,0.411,43.612144947052,43.612144947052
SIFT,1000,4,1500,0.3,linear,0.1,0.001,0.40767588834096224,0.411,47.618651151657104,47.618651151657104
SIFT,1000,4,1500,0.3,linear,1.0,scale,0.4088458852633431,0.413,54.39590883255005,54.39590883255005
SIFT,1000,4,1500,0.3,linear,1.0,0.01,0.4088458852633431,0.413,55.72746777534485,55.72746777534485
SIFT,1000,4,1500,0.3,linear,1.0,0.001,0.4088458852633431,0.413,55.95813822746277,55.95813822746277
SIFT,1000,4,1500,0.3,linear,10.0,scale,0.40911844537821995,0.416,57.190268993377686,57.190268993377686
SIFT,1000,4,1500,0.3,linear,10.0,0.01,0.40911844537821995,0.416,57.00406217575073,57.00406217575073
SIFT,1000,4,1500,0.3,linear,10.0,0.001,0.40911844537821995,0.416,57.40602397918701,57.40602397918701
SIFT,1000,4,1500,0.3,rbf,0.1,scale,0.4713531063322334,0.479,73.7306559085846,73.7306559085846
SIFT,1000,4,1500,0.3,rbf,0.1,0.01,0.4036365622574383,0.382,40.393304109573364,40.393304109573364
SIFT,1000,4,1500,0.3,rbf,0.1,0.001,0.3969094220380314,0.339,40.18616509437561,40.18616509437561
SIFT,1000,4,1500,0.3,rbf,1.0,scale,0.4715969410931008,0.482,68.59322905540466,68.59322905540466
SIFT,1000,4,1500,0.3,rbf,1.0,0.01,0.4027306482196805,0.409,42.69240212440491,42.69240212440491
SIFT,1000,4,1500,0.3,rbf,1.0,0.001,0.40693562666771205,0.295,32.249492168426514,32.249492168426514
SIFT,1000,4,1500,0.3,rbf,10.0,scale,0.4394755604689632,0.442,79.30332899093628,79.30332899093628
SIFT,1000,4,1500,0.3,rbf,10.0,0.01,0.40978807097433245,0.42,44.38656520843506,44.38656520843506
SIFT,1000,4,1500,0.3,rbf,10.0,0.001,0.399219465903948,0.401,36.68034625053406,36.68034625053406
SIFT,1000,4,1500,0.4,linear,0.1,scale,0.406348848531122,0.407,31.987823724746704,31.987823724746704
SIFT,1000,4,1500,0.4,linear,0.1,0.01,0.406348848531122,0.407,31.84858274459839,31.84858274459839
SIFT,1000,4,1500,0.4,linear,0.1,0.001,0.406348848531122,0.407,31.85721492767334,31.85721492767334
SIFT,1000,4,1500,0.4,linear,1.0,scale,0.4055655364988745,0.41,35.64366412162781,35.64366412162781
SIFT,1000,4,1500,0.4,linear,1.0,0.01,0.4055655364988745,0.41,36.59053993225098,36.59053993225098
SIFT,1000,4,1500,0.4,linear,1.0,0.001,0.4055655364988745,0.41,37.750104904174805,37.750104904174805
SIFT,1000,4,1500,0.4,linear,10.0,scale,0.4071323081975737,0.408,39.246870040893555,39.246870040893555
SIFT,1000,4,1500,0.4,linear,10.0,0.01,0.4071323081975737,0.408,39.472522020339966,39.472522020339966
SIFT,1000,4,1500,0.4,linear,10.0,0.001,0.4071323081975737,0.408,39.548895835876465,39.548895835876465
SIFT,1000,4,1500,0.4,rbf,0.1,scale,0.46849177233801775,0.459,53.37584185600281,53.37584185600281
SIFT,1000,4,1500,0.4,rbf,0.1,0.01,0.4022008767981486,0.221,29.28128409385681,29.28128409385681
SIFT,1000,4,1500,0.4,rbf,0.1,0.001,0.39858478349144477,0.276,29.313188791275024,29.313188791275024
SIFT,1000,4,1500,0.4,rbf,1.0,scale,0.4685113329555116,0.454,50.43915891647339,50.43915891647339
SIFT,1000,4,1500,0.4,rbf,1.0,0.01,0.40441258438674027,0.407,29.371620178222656,29.371620178222656
SIFT,1000,4,1500,0.4,rbf,1.0,0.001,0.4005895091431242,0.372,24.994497060775757,24.994497060775757
SIFT,1000,4,1500,0.4,rbf,10.0,scale,0.44117216066737697,0.442,57.76819705963135,57.76819705963135
SIFT,1000,4,1500,0.4,rbf,10.0,0.01,0.4066435324894605,0.409,31.125699996948242,31.125699996948242
SIFT,1000,4,1500,0.4,rbf,10.0,0.001,0.4026594424198621,0.412,25.598029136657715,25.598029136657715
SIFT,1000,4,1500,0.5,linear,0.1,scale,0.39163824387225316,0.419,21.101950883865356,21.101950883865356
SIFT,1000,4,1500,0.5,linear,0.1,0.01,0.39163824387225316,0.419,20.913494110107422,20.913494110107422
SIFT,1000,4,1500,0.5,linear,0.1,0.001,0.39163824387225316,0.419,21.333696126937866,21.333696126937866
SIFT,1000,4,1500,0.5,linear,1.0,scale,0.39441391279844495,0.417,26.65524196624756,26.65524196624756
SIFT,1000,4,1500,0.5,linear,1.0,0.01,0.39441391279844495,0.417,26.666918754577637,26.666918754577637
SIFT,1000,4,1500,0.5,linear,1.0,0.001,0.39441391279844495,0.417,26.94786310195923,26.94786310195923
SIFT,1000,4,1500,0.5,linear,10.0,scale,0.3958660513520252,0.424,27.900858879089355,27.900858879089355
SIFT,1000,4,1500,0.5,linear,10.0,0.01,0.3958660513520252,0.424,28.105557203292847,28.105557203292847
SIFT,1000,4,1500,0.5,linear,10.0,0.001,0.3958660513520252,0.424,28.840718030929565,28.840718030929565
SIFT,1000,4,1500,0.5,rbf,0.1,scale,0.4616714605169975,0.45,39.61428689956665,39.61428689956665
SIFT,1000,4,1500,0.5,rbf,0.1,0.01,0.3840201231542424,0.367,20.47382926940918,20.47382926940918
SIFT,1000,4,1500,0.5,rbf,0.1,0.001,0.3806129253681179,0.232,20.353465795516968,20.353465795516968
SIFT,1000,4,1500,0.5,rbf,1.0,scale,0.4613070657477378,0.448,35.89084506034851,35.89084506034851
SIFT,1000,4,1500,0.5,rbf,1.0,0.01,0.3872774494973431,0.414,21.111204147338867,21.111204147338867
SIFT,1000,4,1500,0.5,rbf,1.0,0.001,0.3844295937111082,0.324,18.639993906021118,18.639993906021118
SIFT,1000,4,1500,0.5,rbf,10.0,scale,0.4370996013735181,0.416,38.521705865859985,38.521705865859985
SIFT,1000,4,1500,0.5,rbf,10.0,0.01,0.39427712556773586,0.421,22.739985942840576,22.739985942840576
SIFT,1000,4,1500,0.5,rbf,10.0,0.001,0.3875633731164899,0.411,18.651087999343872,18.651087999343872
SIFT,1000,2,500,0.3,linear,0.1,scale,0.38811108295010954,0.382,14.99928593635559,14.99928593635559
SIFT,1000,2,500,0.3,linear,0.1,0.01,0.38811108295010954,0.382,15.12691617012024,15.12691617012024
SIFT,1000,2,500,0.3,linear,0.1,0.001,0.38811108295010954,0.382,13.390580177307129,13.390580177307129
SIFT,1000,2,500,0.3,linear,1.0,scale,0.3955546112901004,0.38,15.190918207168579,15.190918207168579
SIFT,1000,2,500,0.3,linear,1.0,0.01,0.3955546112901004,0.38,15.211774110794067,15.211774110794067
SIFT,1000,2,500,0.3,linear,1.0,0.001,0.3955546112901004,0.38,17.534184217453003,17.534184217453003
SIFT,1000,2,500,0.3,linear,10.0,scale,0.39169863142664896,0.374,18.052804946899414,18.052804946899414
SIFT,1000,2,500,0.3,linear,10.0,0.01,0.39169863142664896,0.374,18.270112991333008,18.270112991333008
SIFT,1000,2,500,0.3,linear,10.0,0.001,0.39169863142664896,0.374,18.705626964569092,18.705626964569092
SIFT,1000,2,500,0.3,rbf,0.1,scale,0.45043449844797256,0.442,25.97425889968872,25.97425889968872
SIFT,1000,2,500,0.3,rbf,0.1,0.01,0.38506860228884626,0.262,14.102710962295532,14.102710962295532
SIFT,1000,2,500,0.3,rbf,0.1,0.001,0.3832850805445015,0.313,14.585719108581543,14.585719108581543
SIFT,1000,2,500,0.3,rbf,1.0,scale,0.44989437803448845,0.447,26.0870258808136,26.0870258808136
SIFT,1000,2,500,0.3,rbf,1.0,0.01,0.3872419898347817,0.387,15.806087255477905,15.806087255477905
SIFT,1000,2,500,0.3,rbf,1.0,0.001,0.38624925841198454,0.249,14.458219051361084,14.458219051361084
SIFT,1000,2,500,0.3,rbf,10.0,scale,0.4294063576373697,0.435,35.44652605056763,35.44652605056763
SIFT,1000,2,500,0.3,rbf,10.0,0.01,0.3963351034039531,0.379,18.11711096763611,18.11711096763611
SIFT,1000,2,500,0.3,rbf,10.0,0.001,0.38705247742587245,0.388,15.825720071792603,15.825720071792603
SIFT,1000,2,500,0.4,linear,0.1,scale,0.39401915101155127,0.401,12.782402038574219,12.782402038574219
SIFT,1000,2,500,0.4,linear,0.1,0.01,0.39401915101155127,0.401,12.857969760894775,12.857969760894775
SIFT,1000,2,500,0.4,linear,0.1,0.001,0.39401915101155127,0.401,12.892191886901855,12.892191886901855
SIFT,1000,2,500,0.4,linear,1.0,scale,0.3938841259729814,0.395,13.533415079116821,13.533415079116821
SIFT,1000,2,500,0.4,linear,1.0,0.01,0.3938841259729814,0.395,13.61522912979126,13.61522912979126
SIFT,1000,2,500,0.4,linear,1.0,0.001,0.3938841259729814,0.395,13.696768999099731,13.696768999099731
SIFT,1000,2,500,0.4,linear,10.0,scale,0.3926637608721311,0.395,13.656707763671875,13.656707763671875
SIFT,1000,2,500,0.4,linear,10.0,0.01,0.3926637608721311,0.395,13.71696400642395,13.71696400642395
SIFT,1000,2,500,0.4,linear,10.0,0.001,0.3926637608721311,0.395,13.803595066070557,13.803595066070557
SIFT,1000,2,500,0.4,rbf,0.1,scale,0.4659157318984096,0.461,18.372620105743408,18.372620105743408
SIFT,1000,2,500,0.4,rbf,0.1,0.01,0.3857549708596009,0.272,10.436539888381958,10.436539888381958
SIFT,1000,2,500,0.4,rbf,0.1,0.001,0.39040751746711105,0.258,10.43820071220398,10.43820071220398
SIFT,1000,2,500,0.4,rbf,1.0,scale,0.4663307283518681,0.471,18.955562829971313,18.955562829971313
SIFT,1000,2,500,0.4,rbf,1.0,0.01,0.39310755332953196,0.407,11.30748701095581,11.30748701095581
SIFT,1000,2,500,0.4,rbf,1.0,0.001,0.38380360602550173,0.287,10.309684991836548,10.309684991836548
SIFT,1000,2,500,0.4,rbf,10.0,scale,0.45032294709515464,0.45,25.19404101371765,25.19404101371765
SIFT,1000,2,500,0.4,rbf,10.0,0.01,0.3958267346308696,0.4,12.751821041107178,12.751821041107178
SIFT,1000,2,500,0.4,rbf,10.0,0.001,0.3888323625653186,0.395,11.4598228931427,11.4598228931427
SIFT,1000,2,500,0.5,linear,0.1,scale,0.39219605466010415,0.388,8.898502826690674,8.898502826690674
SIFT,1000,2,500,0.5,linear,0.1,0.01,0.39219605466010415,0.388,8.743566036224365,8.743566036224365
SIFT,1000,2,500,0.5,linear,0.1,0.001,0.39219605466010415,0.388,8.348860263824463,8.348860263824463
SIFT,1000,2,500,0.5,linear,1.0,scale,0.3919836030672229,0.382,8.97231912612915,8.97231912612915
SIFT,1000,2,500,0.5,linear,1.0,0.01,0.3919836030672229,0.382,9.048834085464478,9.048834085464478
SIFT,1000,2,500,0.5,linear,1.0,0.001,0.3919836030672229,0.382,9.099272966384888,9.099272966384888
SIFT,1000,2,500,0.5,linear,10.0,scale,0.3928883330255825,0.395,9.127224922180176,9.127224922180176
SIFT,1000,2,500,0.5,linear,10.0,0.01,0.3928883330255825,0.395,9.05459713935852,9.05459713935852
SIFT,1000,2,500,0.5,linear,10.0,0.001,0.3928883330255825,0.395,9.010729789733887,9.010729789733887
SIFT,1000,2,500,0.5,rbf,0.1,scale,0.441288057582556,0.439,12.009593963623047,12.009593963623047
SIFT,1000,2,500,0.5,rbf,0.1,0.01,0.3735352551169092,0.27,6.647229909896851,6.647229909896851
SIFT,1000,2,500,0.5,rbf,0.1,0.001,0.3791573742837324,0.236,6.714900016784668,6.714900016784668
SIFT,1000,2,500,0.5,rbf,1.0,scale,0.4413303342707904,0.445,12.267647981643677,12.267647981643677
SIFT,1000,2,500,0.5,rbf,1.0,0.01,0.3875942200816249,0.385,7.450922966003418,7.450922966003418
SIFT,1000,2,500,0.5,rbf,1.0,0.001,0.3740519024665107,0.311,6.736231327056885,6.736231327056885
SIFT,1000,2,500,0.5,rbf,10.0,scale,0.42338852389586384,0.434,16.40411901473999,16.40411901473999
SIFT,1000,2,500,0.5,rbf,10.0,0.01,0.3928442564128689,0.386,8.54801082611084,8.54801082611084
SIFT,1000,2,500,0.5,rbf,10.0,0.001,0.3904281047392542,0.397,7.396514177322388,7.396514177322388
SIFT,1000,2,1000,0.3,linear,0.1,scale,0.3848219515223751,0.409,35.75693321228027,35.75693321228027
SIFT,1000,2,1000,0.3,linear,0.1,0.01,0.3848219515223751,0.409,35.99748516082764,35.99748516082764
SIFT,1000,2,1000,0.3,linear,0.1,0.001,0.3848219515223751,0.409,36.18979501724243,36.18979501724243
SIFT,1000,2,1000,0.3,linear,1.0,scale,0.3864099028326902,0.415,38.42284798622131,38.42284798622131
SIFT,1000,2,1000,0.3,linear,1.0,0.01,0.3864099028326902,0.415,38.558592081069946,38.558592081069946
SIFT,1000,2,1000,0.3,linear,1.0,0.001,0.3864099028326902,0.415,38.3209810256958,38.3209810256958
SIFT,1000,2,1000,0.3,linear,10.0,scale,0.3873350374744639,0.418,37.926422119140625,37.926422119140625
SIFT,1000,2,1000,0.3,linear,10.0,0.01,0.3873350374744639,0.418,37.424463748931885,37.424463748931885
SIFT,1000,2,1000,0.3,linear,10.0,0.001,0.3873350374744639,0.418,37.49800205230713,37.49800205230713
SIFT,1000,2,1000,0.3,rbf,0.1,scale,0.44442003498405713,0.446,49.57078695297241,49.57078695297241
SIFT,1000,2,1000,0.3,rbf,0.1,0.01,0.3824643065860821,0.353,29.641608953475952,29.641608953475952
SIFT,1000,2,1000,0.3,rbf,0.1,0.001,0.3853037449926244,0.324,29.73175597190857,29.73175597190857
SIFT,1000,2,1000,0.3,rbf,1.0,scale,0.44531480374180027,0.447,47.538554668426514,47.538554668426514
SIFT,1000,2,1000,0.3,rbf,1.0,0.01,0.38602197380328007,0.416,31.326313972473145,31.326313972473145
SIFT,1000,2,1000,0.3,rbf,1.0,0.001,0.3855114774060321,0.34,22.523030757904053,22.523030757904053
SIFT,1000,2,1000,0.3,rbf,10.0,scale,0.4173901493415201,0.429,53.90998983383179,53.90998983383179
SIFT,1000,2,1000,0.3,rbf,10.0,0.01,0.3866986022550109,0.412,29.59199571609497,29.59199571609497
SIFT,1000,2,1000,0.3,rbf,10.0,0.001,0.38066922915771106,0.406,25.979858875274658,25.979858875274658
SIFT,1000,2,1000,0.4,linear,0.1,scale,0.38840665169087607,0.395,20.599579095840454,20.599579095840454
SIFT,1000,2,1000,0.4,linear,0.1,0.01,0.38840665169087607,0.395,21.138619899749756,21.138619899749756
SIFT,1000,2,1000,0.4,linear,0.1,0.001,0.38840665169087607,0.395,22.271008014678955,22.271008014678955
SIFT,1000,2,1000,0.4,linear,1.0,scale,0.3895657864000876,0.396,23.51090979576111,23.51090979576111
SIFT,1000,2,1000,0.4,linear,1.0,0.01,0.3895657864000876,0.396,23.79098606109619,23.79098606109619
SIFT,1000,2,1000,0.4,linear,1.0,0.001,0.3895657864000876,0.396,24.583950757980347,24.583950757980347
SIFT,1000,2,1000,0.4,linear,10.0,scale,0.3916007769407143,0.396,25.195778846740723,25.195778846740723
SIFT,1000,2,1000,0.4,linear,10.0,0.01,0.3916007769407143,0.396,25.053035020828247,25.053035020828247
SIFT,1000,2,1000,0.4,linear,10.0,0.001,0.3916007769407143,0.396,25.77866220474243,25.77866220474243
SIFT,1000,2,1000,0.4,rbf,0.1,scale,0.46769978444715604,0.453,36.60574007034302,36.60574007034302
SIFT,1000,2,1000,0.4,rbf,0.1,0.01,0.3772201796618461,0.341,19.816876888275146,19.816876888275146
SIFT,1000,2,1000,0.4,rbf,0.1,0.001,0.3742846083429104,0.283,19.86434817314148,19.86434817314148
SIFT,1000,2,1000,0.4,rbf,1.0,scale,0.46777695997868163,0.456,33.81742191314697,33.81742191314697
SIFT,1000,2,1000,0.4,rbf,1.0,0.01,0.3785061240914727,0.398,20.120678901672363,20.120678901672363
SIFT,1000,2,1000,0.4,rbf,1.0,0.001,0.37971052161269675,0.31,16.91088581085205,16.91088581085205
SIFT,1000,2,1000,0.4,rbf,10.0,scale,0.42954264976816203,0.439,38.26004600524902,38.26004600524902
SIFT,1000,2,1000,0.4,rbf,10.0,0.01,0.38962624032536547,0.392,20.35998511314392,20.35998511314392
SIFT,1000,2,1000,0.4,rbf,10.0,0.001,0.3852719603900086,0.389,18.569962978363037,18.569962978363037
SIFT,1000,2,1000,0.5,linear,0.1,scale,0.38254987661449436,0.391,14.94032597541809,14.94032597541809
SIFT,1000,2,1000,0.5,linear,0.1,0.01,0.38254987661449436,0.391,14.580349922180176,14.580349922180176
SIFT,1000,2,1000,0.5,linear,0.1,0.001,0.38254987661449436,0.391,14.138184785842896,14.138184785842896
SIFT,1000,2,1000,0.5,linear,1.0,scale,0.38121191717992675,0.386,16.06301999092102,16.06301999092102
SIFT,1000,2,1000,0.5,linear,1.0,0.01,0.38121191717992675,0.386,16.76867699623108,16.76867699623108
SIFT,1000,2,1000,0.5,linear,1.0,0.001,0.38121191717992675,0.386,17.727530002593994,17.727530002593994
SIFT,1000,2,1000,0.5,linear,10.0,scale,0.3811721932076534,0.388,17.877413988113403,17.877413988113403
SIFT,1000,2,1000,0.5,linear,10.0,0.01,0.3811721932076534,0.388,17.9758460521698,17.9758460521698
SIFT,1000,2,1000,0.5,linear,10.0,0.001,0.3811721932076534,0.388,17.923599004745483,17.923599004745483
SIFT,1000,2,1000,0.5,rbf,0.1,scale,0.44987164007380487,0.439,24.544785022735596,24.544785022735596
SIFT,1000,2,1000,0.5,rbf,0.1,0.01,0.3811014171763457,0.234,13.78363585472107,13.78363585472107
SIFT,1000,2,1000,0.5,rbf,0.1,0.001,0.3781424549987641,0.286,13.844363927841187,13.844363927841187
SIFT,1000,2,1000,0.5,rbf,1.0,scale,0.4512143427295636,0.444,22.378654956817627,22.378654956817627
SIFT,1000,2,1000,0.5,rbf,1.0,0.01,0.3835595280970328,0.39,14.877547979354858,14.877547979354858
SIFT,1000,2,1000,0.5,rbf,1.0,0.001,0.38470593882835313,0.375,13.385617017745972,13.385617017745972
SIFT,1000,2,1000,0.5,rbf,10.0,scale,0.4273614509985559,0.435,26.81184673309326,26.81184673309326
SIFT,1000,2,1000,0.5,rbf,10.0,0.01,0.38133034140488814,0.389,14.221135139465332,14.221135139465332
SIFT,1000,2,1000,0.5,rbf,10.0,0.001,0.3782392013233679,0.387,12.275087118148804,12.275087118148804
SIFT,1000,2,1500,0.3,linear,0.1,scale,0.3901468043209794,0.399,42.89162492752075,42.89162492752075
SIFT,1000,2,1500,0.3,linear,0.1,0.01,0.3901468043209794,0.399,43.32560992240906,43.32560992240906
SIFT,1000,2,1500,0.3,linear,0.1,0.001,0.3901468043209794,0.399,48.099262952804565,48.099262952804565
SIFT,1000,2,1500,0.3,linear,1.0,scale,0.3942622802652102,0.407,54.6213219165802,54.6213219165802
SIFT,1000,2,1500,0.3,linear,1.0,0.01,0.3942622802652102,0.407,54.50489282608032,54.50489282608032
SIFT,1000,2,1500,0.3,linear,1.0,0.001,0.3942622802652102,0.407,56.000787019729614,56.000787019729614
SIFT,1000,2,1500,0.3,linear,10.0,scale,0.39228411081672665,0.401,56.32564973831177,56.32564973831177
SIFT,1000,2,1500,0.3,linear,10.0,0.01,0.39228411081672665,0.401,56.509307861328125,56.509307861328125
SIFT,1000,2,1500,0.3,linear,10.0,0.001,0.39228411081672665,0.401,56.318406105041504,56.318406105041504
SIFT,1000,2,1500,0.3,rbf,0.1,scale,0.4506831071764842,0.447,74.02374815940857,74.02374815940857
SIFT,1000,2,1500,0.3,rbf,0.1,0.01,0.37685179599338736,0.233,41.21178197860718,41.21178197860718
SIFT,1000,2,1500,0.3,rbf,0.1,0.001,0.3852154402148792,0.252,40.937031745910645,40.937031745910645
SIFT,1000,2,1500,0.3,rbf,1.0,scale,0.4537358110129316,0.452,69.18330597877502,69.18330597877502
SIFT,1000,2,1500,0.3,rbf,1.0,0.01,0.3814010714287134,0.4,43.248526096343994,43.248526096343994
SIFT,1000,2,1500,0.3,rbf,1.0,0.001,0.37824658533352257,0.346,32.88901114463806,32.88901114463806
SIFT,1000,2,1500,0.3,rbf,10.0,scale,0.4275506421263896,0.443,80.17874503135681,80.17874503135681
SIFT,1000,2,1500,0.3,rbf,10.0,0.01,0.3932159250075288,0.403,44.166306018829346,44.166306018829346
SIFT,1000,2,1500,0.3,rbf,10.0,0.001,0.38411027011790333,0.386,36.87010622024536,36.87010622024536
SIFT,1000,2,1500,0.4,linear,0.1,scale,0.3877922757224638,0.398,31.980894088745117,31.980894088745117
SIFT,1000,2,1500,0.4,linear,0.1,0.01,0.3877922757224638,0.398,31.725019693374634,31.725019693374634
SIFT,1000,2,1500,0.4,linear,0.1,0.001,0.3877922757224638,0.398,31.495786905288696,31.495786905288696
SIFT,1000,2,1500,0.4,linear,1.0,scale,0.3868551853329659,0.408,35.72708320617676,35.72708320617676
SIFT,1000,2,1500,0.4,linear,1.0,0.01,0.3868551853329659,0.408,36.68719792366028,36.68719792366028
SIFT,1000,2,1500,0.4,linear,1.0,0.001,0.3868551853329659,0.408,38.3511598110199,38.3511598110199
SIFT,1000,2,1500,0.4,linear,10.0,scale,0.38651761746143765,0.408,40.3831000328064,40.3831000328064
SIFT,1000,2,1500,0.4,linear,10.0,0.01,0.38651761746143765,0.408,40.832111835479736,40.832111835479736
SIFT,1000,2,1500,0.4,linear,10.0,0.001,0.38651761746143765,0.408,41.11577105522156,41.11577105522156
SIFT,1000,2,1500,0.4,rbf,0.1,scale,0.45200057188401505,0.455,54.80443000793457,54.80443000793457
SIFT,1000,2,1500,0.4,rbf,0.1,0.01,0.3807833795391026,0.264,29.99627184867859,29.99627184867859
SIFT,1000,2,1500,0.4,rbf,0.1,0.001,0.38059821998980914,0.237,29.976382970809937,29.976382970809937
SIFT,1000,2,1500,0.4,rbf,1.0,scale,0.4527382469389803,0.453,51.51110601425171,51.51110601425171
SIFT,1000,2,1500,0.4,rbf,1.0,0.01,0.3841267318813312,0.402,29.577520847320557,29.577520847320557
SIFT,1000,2,1500,0.4,rbf,1.0,0.001,0.3788426182556835,0.336,25.471394062042236,25.471394062042236
SIFT,1000,2,1500,0.4,rbf,10.0,scale,0.4319440678195551,0.431,57.91690397262573,57.91690397262573
SIFT,1000,2,1500,0.4,rbf,10.0,0.01,0.3866009255870355,0.403,31.079457998275757,31.079457998275757
SIFT,1000,2,1500,0.4,rbf,10.0,0.001,0.3874976987417867,0.405,26.00566792488098,26.00566792488098
SIFT,1000,2,1500,0.5,linear,0.1,scale,0.3751522335843875,0.39,20.941242218017578,20.941242218017578
SIFT,1000,2,1500,0.5,linear,0.1,0.01,0.3751522335843875,0.39,20.69405221939087,20.69405221939087
SIFT,1000,2,1500,0.5,linear,0.1,0.001,0.3751522335843875,0.39,21.449448823928833,21.449448823928833
SIFT,1000,2,1500,0.5,linear,1.0,scale,0.37536167635313133,0.387,26.52731204032898,26.52731204032898
SIFT,1000,2,1500,0.5,linear,1.0,0.01,0.37536167635313133,0.387,26.83474898338318,26.83474898338318
SIFT,1000,2,1500,0.5,linear,1.0,0.001,0.37536167635313133,0.387,27.216159105300903,27.216159105300903
SIFT,1000,2,1500,0.5,linear,10.0,scale,0.37685340967170416,0.392,27.534810781478882,27.534810781478882
SIFT,1000,2,1500,0.5,linear,10.0,0.01,0.37685340967170416,0.392,27.80180811882019,27.80180811882019
SIFT,1000,2,1500,0.5,linear,10.0,0.001,0.37685340967170416,0.392,28.517980098724365,28.517980098724365
SIFT,1000,2,1500,0.5,rbf,0.1,scale,0.44110819710569993,0.438,39.70413422584534,39.70413422584534
SIFT,1000,2,1500,0.5,rbf,0.1,0.01,0.372195929630713,0.242,20.397073984146118,20.397073984146118
SIFT,1000,2,1500,0.5,rbf,0.1,0.001,0.3684754112569857,0.254,20.396338939666748,20.396338939666748
SIFT,1000,2,1500,0.5,rbf,1.0,scale,0.4419785522479359,0.439,35.152785778045654,35.152785778045654
SIFT,1000,2,1500,0.5,rbf,1.0,0.01,0.3807348122424866,0.379,21.74657893180847,21.74657893180847
SIFT,1000,2,1500,0.5,rbf,1.0,0.001,0.36732698294635263,0.37,18.848952054977417,18.848952054977417
SIFT,1000,2,1500,0.5,rbf,10.0,scale,0.41517787558971575,0.415,38.78578996658325,38.78578996658325
SIFT,1000,2,1500,0.5,rbf,10.0,0.01,0.3758936960137803,0.391,22.398487091064453,22.398487091064453
SIFT,1000,2,1500,0.5,rbf,10.0,0.001,0.37380891881490097,0.389,18.214915990829468,18.214915990829468
ORB,500,4,500,0.3,linear,0.1,scale,0.23889520611241116,0.2540983606557377,16.181437253952026,16.181437253952026
ORB,500,4,500,0.3,linear,0.1,0.01,0.23889520611241116,0.2540983606557377,16.148295879364014,16.148295879364014
ORB,500,4,500,0.3,linear,0.1,0.001,0.23889520611241116,0.2540983606557377,14.977519035339355,14.977519035339355
ORB,500,4,500,0.3,linear,1.0,scale,0.2398779825582334,0.2510245901639344,17.342957973480225,17.342957973480225
ORB,500,4,500,0.3,linear,1.0,0.01,0.2398779825582334,0.2510245901639344,17.368407011032104,17.368407011032104
ORB,500,4,500,0.3,linear,1.0,0.001,0.2398779825582334,0.2510245901639344,18.940208196640015,18.940208196640015
ORB,500,4,500,0.3,linear,10.0,scale,0.24055783306845843,0.25614754098360654,21.809689044952393,21.809689044952393
ORB,500,4,500,0.3,linear,10.0,0.01,0.24055783306845843,0.25614754098360654,22.504539012908936,22.504539012908936
ORB,500,4,500,0.3,linear,10.0,0.001,0.24055783306845843,0.25614754098360654,22.492622137069702,22.492622137069702
ORB,500,4,500,0.3,rbf,0.1,scale,0.27983701058267924,0.3155737704918033,26.85301184654236,26.85301184654236
ORB,500,4,500,0.3,rbf,0.1,0.01,0.23636104605351976,0.26536885245901637,13.778311014175415,13.778311014175415
ORB,500,4,500,0.3,rbf,0.1,0.001,0.23315038301576174,0.24692622950819673,13.969846963882446,13.969846963882446
ORB,500,4,500,0.3,rbf,1.0,scale,0.27986138954512646,0.3165983606557377,27.39707612991333,27.39707612991333
ORB,500,4,500,0.3,rbf,1.0,0.01,0.25244508928951537,0.26024590163934425,17.45589566230774,17.45589566230774
ORB,500,4,500,0.3,rbf,1.0,0.001,0.23268902343349956,0.2305327868852459,14.496439933776855,14.496439933776855
ORB,500,4,500,0.3,rbf,10.0,scale,0.28085622859644416,0.29815573770491804,35.11256194114685,35.11256194114685
ORB,500,4,500,0.3,rbf,10.0,0.01,0.25346248414112915,0.2766393442622951,19.462132930755615,19.462132930755615
ORB,500,4,500,0.3,rbf,10.0,0.001,0.23894834663822556,0.25614754098360654,17.811864137649536,17.811864137649536
ORB,500,4,500,0.4,linear,0.1,scale,0.2393858237834346,0.26844262295081966,14.124282121658325,14.124282121658325
ORB,500,4,500,0.4,linear,0.1,0.01,0.2393858237834346,0.26844262295081966,14.041171312332153,14.041171312332153
ORB,500,4,500,0.4,linear,0.1,0.001,0.2393858237834346,0.26844262295081966,13.8628568649292,13.8628568649292
ORB,500,4,500,0.4,linear,1.0,scale,0.23977988824535323,0.27561475409836067,14.591432809829712,14.591432809829712
ORB,500,4,500,0.4,linear,1.0,0.01,0.23977988824535323,0.27561475409836067,14.694802045822144,14.694802045822144
ORB,500,4,500,0.4,linear,1.0,0.001,0.23977988824535323,0.27561475409836067,14.260857820510864,14.260857820510864
ORB,500,4,500,0.4,linear,10.0,scale,0.23993712343663276,0.26844262295081966,15.367355108261108,15.367355108261108
ORB,500,4,500,0.4,linear,10.0,0.01,0.23993712343663276,0.26844262295081966,15.363123178482056,15.363123178482056
ORB,500,4,500,0.4,linear,10.0,0.001,0.23993712343663276,0.26844262295081966,15.389011144638062,15.389011144638062
ORB,500,4,500,0.4,rbf,0.1,scale,0.29377925956821327,0.3094262295081967,19.099008083343506,19.099008083343506
ORB,500,4,500,0.4,rbf,0.1,0.01,0.23339529094004807,0.23770491803278687,9.958693981170654,9.958693981170654
ORB,500,4,500,0.4,rbf,0.1,0.001,0.22775996112361058,0.2305327868852459,9.694422006607056,9.694422006607056
ORB,500,4,500,0.4,rbf,1.0,scale,0.29378044590109387,0.3084016393442623,19.37463879585266,19.37463879585266
ORB,500,4,500,0.4,rbf,1.0,0.01,0.2537625888641847,0.26536885245901637,12.38097620010376,12.38097620010376
ORB,500,4,500,0.4,rbf,1.0,0.001,0.23115488006691515,0.2305327868852459,10.169017791748047,10.169017791748047
ORB,500,4,500,0.4,rbf,10.0,scale,0.2952474405020184,0.30020491803278687,23.806105136871338,23.806105136871338
ORB,500,4,500,0.4,rbf,10.0,0.01,0.24916334659210354,0.27049180327868855,13.685528039932251,13.685528039932251
ORB,500,4,500,0.4,rbf,10.0,0.001,0.24020536548652438,0.2725409836065574,12.742764949798584,12.742764949798584
ORB,500,4,500,0.5,linear,0.1,scale,0.25189485819597407,0.2827868852459016,9.303667783737183,9.303667783737183
ORB,500,4,500,0.5,linear,0.1,0.01,0.25189485819597407,0.2827868852459016,9.253098011016846,9.253098011016846
ORB,500,4,500,0.5,linear,0.1,0.001,0.25189485819597407,0.2827868852459016,9.276700973510742,9.276700973510742
ORB,500,4,500,0.5,linear,1.0,scale,0.251330811770525,0.2889344262295082,9.43913722038269,9.43913722038269
ORB,500,4,500,0.5,linear,1.0,0.01,0.251330811770525,0.2889344262295082,9.38451600074768,9.38451600074768
ORB,500,4,500,0.5,linear,1.0,0.001,0.251330811770525,0.2889344262295082,9.391775846481323,9.391775846481323
ORB,500,4,500,0.5,linear,10.0,scale,0.2521002066305152,0.29508196721311475,9.751344203948975,9.751344203948975
ORB,500,4,500,0.5,linear,10.0,0.01,0.2521002066305152,0.29508196721311475,9.745293617248535,9.745293617248535
ORB,500,4,500,0.5,linear,10.0,0.001,0.2521002066305152,0.29508196721311475,9.888993740081787,9.888993740081787
ORB,500,4,500,0.5,rbf,0.1,scale,0.2951831182643204,0.32991803278688525,12.757803201675415,12.757803201675415
ORB,500,4,500,0.5,rbf,0.1,0.01,0.24382285333245504,0.2530737704918033,6.573191165924072,6.573191165924072
ORB,500,4,500,0.5,rbf,0.1,0.001,0.23446616792475578,0.24385245901639344,6.394166707992554,6.394166707992554
ORB,500,4,500,0.5,rbf,1.0,scale,0.29546406670189074,0.32991803278688525,13.001994132995605,13.001994132995605
ORB,500,4,500,0.5,rbf,1.0,0.01,0.2615497765404965,0.3012295081967213,8.308783054351807,8.308783054351807
ORB,500,4,500,0.5,rbf,1.0,0.001,0.23858835406556253,0.24385245901639344,6.429166078567505,6.429166078567505
ORB,500,4,500,0.5,rbf,10.0,scale,0.2957226647916255,0.3114754098360656,15.297555923461914,15.297555923461914
ORB,500,4,500,0.5,rbf,10.0,0.01,0.25675674461015985,0.2930327868852459,8.926554679870605,8.926554679870605
ORB,500,4,500,0.5,rbf,10.0,0.001,0.2526775813455951,0.2807377049180328,8.365852117538452,8.365852117538452
ORB,500,4,1000,0.3,linear,0.1,scale,0.23090836006485768,0.2336065573770492,39.16037583351135,39.16037583351135
ORB,500,4,1000,0.3,linear,0.1,0.01,0.23090836006485768,0.2336065573770492,39.074795961380005,39.074795961380005
ORB,500,4,1000,0.3,linear,0.1,0.001,0.23090836006485768,0.2336065573770492,39.24401783943176,39.24401783943176
ORB,500,4,1000,0.3,linear,1.0,scale,0.23080607487530752,0.2346311475409836,40.84598398208618,40.84598398208618
ORB,500,4,1000,0.3,linear,1.0,0.01,0.23080607487530752,0.2346311475409836,40.37210488319397,40.37210488319397
ORB,500,4,1000,0.3,linear,1.0,0.001,0.23080607487530752,0.2346311475409836,40.66348886489868,40.66348886489868
ORB,500,4,1000,0.3,linear,10.0,scale,0.23267896686461217,0.24077868852459017,41.219268798828125,41.219268798828125
ORB,500,4,1000,0.3,linear,10.0,0.01,0.23267896686461217,0.24077868852459017,40.36392903327942,40.36392903327942
ORB,500,4,1000,0.3,linear,10.0,0.001,0.23267896686461217,0.24077868852459017,40.108088970184326,40.108088970184326
ORB,500,4,1000,0.3,rbf,0.1,scale,0.26937553047184615,0.2827868852459016,52.24186110496521,52.24186110496521
ORB,500,4,1000,0.3,rbf,0.1,0.01,0.24216753662065443,0.23668032786885246,28.756560802459717,28.756560802459717
ORB,500,4,1000,0.3,rbf,0.1,0.001,0.22916181122490445,0.2387295081967213,28.262003898620605,28.262003898620605
ORB,500,4,1000,0.3,rbf,1.0,scale,0.2697099219603644,0.2807377049180328,51.46027708053589,51.46027708053589
ORB,500,4,1000,0.3,rbf,1.0,0.01,0.23970274593590774,0.2520491803278688,33.8945038318634,33.8945038318634
ORB,500,4,1000,0.3,rbf,1.0,0.001,0.23426129480895685,0.23770491803278687,23.20809507369995,23.20809507369995
ORB,500,4,1000,0.3,rbf,10.0,scale,0.26583788695396937,0.27151639344262296,51.01299214363098,51.01299214363098
ORB,500,4,1000,0.3,rbf,10.0,0.01,0.23928680444487646,0.24385245901639344,31.57819104194641,31.57819104194641
ORB,500,4,1000,0.3,rbf,10.0,0.001,0.23587663136246056,0.24795081967213115,29.99828791618347,29.99828791618347
ORB,500,4,1000,0.4,linear,0.1,scale,0.21732881572053814,0.22028688524590165,21.14125418663025,21.14125418663025
ORB,500,4,1000,0.4,linear,0.1,0.01,0.21732881572053814,0.22028688524590165,23.51890993118286,23.51890993118286
ORB,500,4,1000,0.4,linear,0.1,0.001,0.21732881572053814,0.22028688524590165,24.469263076782227,24.469263076782227
ORB,500,4,1000,0.4,linear,1.0,scale,0.21744658457343818,0.2192622950819672,25.118392944335938,25.118392944335938
ORB,500,4,1000,0.4,linear,1.0,0.01,0.21744658457343818,0.2192622950819672,25.96077585220337,25.96077585220337
ORB,500,4,1000,0.4,linear,1.0,0.001,0.21744658457343818,0.2192622950819672,26.509196043014526,26.509196043014526
ORB,500,4,1000,0.4,linear,10.0,scale,0.21883841304679136,0.22438524590163936,27.182456016540527,27.182456016540527
ORB,500,4,1000,0.4,linear,10.0,0.01,0.21883841304679136,0.22438524590163936,27.895437717437744,27.895437717437744
ORB,500,4,1000,0.4,linear,10.0,0.001,0.21883841304679136,0.22438524590163936,28.34227681159973,28.34227681159973
ORB,500,4,1000,0.4,rbf,0.1,scale,0.2642734869524211,0.2838114754098361,38.128796339035034,38.128796339035034
ORB,500,4,1000,0.4,rbf,0.1,0.01,0.22022721880234347,0.23258196721311475,20.655205011367798,20.655205011367798
ORB,500,4,1000,0.4,rbf,0.1,0.001,0.21288235765248711,0.2223360655737705,19.645204305648804,19.645204305648804
ORB,500,4,1000,0.4,rbf,1.0,scale,0.2643090016830658,0.2827868852459016,36.22102093696594,36.22102093696594
ORB,500,4,1000,0.4,rbf,1.0,0.01,0.22338364805100125,0.2223360655737705,23.70223617553711,23.70223617553711
ORB,500,4,1000,0.4,rbf,1.0,0.001,0.2159366182293315,0.22848360655737704,16.48848795890808,16.48848795890808
ORB,500,4,1000,0.4,rbf,10.0,scale,0.25883736450052724,0.27459016393442626,36.37965178489685,36.37965178489685
ORB,500,4,1000,0.4,rbf,10.0,0.01,0.22290951208626192,0.22438524590163936,22.293795108795166,22.293795108795166
ORB,500,4,1000,0.4,rbf,10.0,0.001,0.21828124372482263,0.21721311475409835,21.366779804229736,21.366779804229736
ORB,500,4,1000,0.5,linear,0.1,scale,0.23756594392410557,0.2530737704918033,15.659312963485718,15.659312963485718
ORB,500,4,1000,0.5,linear,0.1,0.01,0.23756594392410557,0.2530737704918033,14.722191095352173,14.722191095352173
ORB,500,4,1000,0.5,linear,0.1,0.001,0.23756594392410557,0.2530737704918033,14.731227159500122,14.731227159500122
ORB,500,4,1000,0.5,linear,1.0,scale,0.23763352405951785,0.2540983606557377,16.581888675689697,16.581888675689697
ORB,500,4,1000,0.5,linear,1.0,0.01,0.23763352405951785,0.2540983606557377,17.658530235290527,17.658530235290527
ORB,500,4,1000,0.5,linear,1.0,0.001,0.23763352405951785,0.2540983606557377,18.049772024154663,18.049772024154663
ORB,500,4,1000,0.5,linear,10.0,scale,0.2354968706731531,0.24692622950819673,18.793175220489502,18.793175220489502
ORB,500,4,1000,0.5,linear,10.0,0.01,0.2354968706731531,0.24692622950819673,18.79937982559204,18.79937982559204
ORB,500,4,1000,0.5,linear,10.0,0.001,0.2354968706731531,0.24692622950819673,18.62525701522827,18.62525701522827
ORB,500,4,1000,0.5,rbf,0.1,scale,0.2808113064142388,0.3094262295081967,26.603007078170776,26.603007078170776
ORB,500,4,1000,0.5,rbf,0.1,0.01,0.245875300673866,0.26639344262295084,12.998337030410767,12.998337030410767
ORB,500,4,1000,0.5,rbf,0.1,0.001,0.24076113949529931,0.2551229508196721,12.915867805480957,12.915867805480957
ORB,500,4,1000,0.5,rbf,1.0,scale,0.28089740209545866,0.3104508196721312,24.083914041519165,24.083914041519165
ORB,500,4,1000,0.5,rbf,1.0,0.01,0.24301594444099694,0.2551229508196721,15.973672151565552,15.973672151565552
ORB,500,4,1000,0.5,rbf,1.0,0.001,0.2388877335650755,0.24795081967213115,12.543104648590088,12.543104648590088
ORB,500,4,1000,0.5,rbf,10.0,scale,0.2808508459845897,0.3114754098360656,24.84752607345581,24.84752607345581
ORB,500,4,1000,0.5,rbf,10.0,0.01,0.24227051733422536,0.2612704918032787,14.205246925354004,14.205246925354004
ORB,500,4,1000,0.5,rbf,10.0,0.001,0.2374431327913912,0.2520491803278688,13.72685694694519,13.72685694694519
ORB,500,4,1500,0.3,linear,0.1,scale,0.22131505828432432,0.22745901639344263,48.04581904411316,48.04581904411316
ORB,500,4,1500,0.3,linear,0.1,0.01,0.22131505828432432,0.22745901639344263,49.625696897506714,49.625696897506714
ORB,500,4,1500,0.3,linear,0.1,0.001,0.22131505828432432,0.22745901639344263,52.747804164886475,52.747804164886475
ORB,500,4,1500,0.3,linear,1.0,scale,0.22165429442793405,0.23155737704918034,57.12931203842163,57.12931203842163
ORB,500,4,1500,0.3,linear,1.0,0.01,0.22165429442793405,0.23155737704918034,57.81436109542847,57.81436109542847
ORB,500,4,1500,0.3,linear,1.0,0.001,0.22165429442793405,0.23155737704918034,57.955446004867554,57.955446004867554
ORB,500,4,1500,0.3,linear,10.0,scale,0.22285367360116948,0.23565573770491804,59.73114323616028,59.73114323616028
ORB,500,4,1500,0.3,linear,10.0,0.01,0.22285367360116948,0.23565573770491804,59.621066093444824,59.621066093444824
ORB,500,4,1500,0.3,linear,10.0,0.001,0.22285367360116948,0.23565573770491804,59.42559790611267,59.42559790611267
ORB,500,4,1500,0.3,rbf,0.1,scale,0.265563387652526,0.2899590163934426,75.88853311538696,75.88853311538696
ORB,500,4,1500,0.3,rbf,0.1,0.01,0.22949673267296183,0.23155737704918034,39.605631828308105,39.605631828308105
ORB,500,4,1500,0.3,rbf,0.1,0.001,0.22282987634170284,0.21311475409836064,38.53504276275635,38.53504276275635
ORB,500,4,1500,0.3,rbf,1.0,scale,0.265586633923958,0.2889344262295082,72.95013284683228,72.95013284683228
ORB,500,4,1500,0.3,rbf,1.0,0.01,0.229230548211193,0.2387295081967213,48.90094304084778,48.90094304084778
ORB,500,4,1500,0.3,rbf,1.0,0.001,0.2200469828507911,0.22540983606557377,33.480557680130005,33.480557680130005
ORB,500,4,1500,0.3,rbf,10.0,scale,0.2619339492888342,0.2776639344262295,74.62095284461975,74.62095284461975
ORB,500,4,1500,0.3,rbf,10.0,0.01,0.22760977312076047,0.24180327868852458,45.5256621837616,45.5256621837616
ORB,500,4,1500,0.3,rbf,10.0,0.001,0.2227186021635216,0.23258196721311475,43.90950918197632,43.90950918197632
ORB,500,4,1500,0.4,linear,0.1,scale,0.24211211922646694,0.26331967213114754,33.786694049835205,33.786694049835205
ORB,500,4,1500,0.4,linear,0.1,0.01,0.24211211922646694,0.26331967213114754,34.086089849472046,34.086089849472046
ORB,500,4,1500,0.4,linear,0.1,0.001,0.24211211922646694,0.26331967213114754,34.00140690803528,34.00140690803528
ORB,500,4,1500,0.4,linear,1.0,scale,0.2419425815343726,0.26536885245901637,37.259376764297485,37.259376764297485
ORB,500,4,1500,0.4,linear,1.0,0.01,0.2419425815343726,0.26536885245901637,39.08399987220764,39.08399987220764
ORB,500,4,1500,0.4,linear,1.0,0.001,0.2419425815343726,0.26536885245901637,39.54327893257141,39.54327893257141
ORB,500,4,1500,0.4,linear,10.0,scale,0.2413799670491256,0.2540983606557377,40.802489042282104,40.802489042282104
ORB,500,4,1500,0.4,linear,10.0,0.01,0.2413799670491256,0.2540983606557377,41.64886713027954,41.64886713027954
ORB,500,4,1500,0.4,linear,10.0,0.001,0.2413799670491256,0.2540983606557377,41.91433882713318,41.91433882713318
ORB,500,4,1500,0.4,rbf,0.1,scale,0.28854282984375884,0.32581967213114754,55.62597703933716,55.62597703933716
ORB,500,4,1500,0.4,rbf,0.1,0.01,0.2380712250447074,0.21721311475409835,28.80983805656433,28.80983805656433
ORB,500,4,1500,0.4,rbf,0.1,0.001,0.22373715003237166,0.24795081967213115,27.264652013778687,27.264652013778687
ORB,500,4,1500,0.4,rbf,1.0,scale,0.2889021015669175,0.32581967213114754,52.501298904418945,52.501298904418945
ORB,500,4,1500,0.4,rbf,1.0,0.01,0.24853385488833862,0.26536885245901637,34.7133572101593,34.7133572101593
ORB,500,4,1500,0.4,rbf,1.0,0.001,0.23312626578873777,0.24282786885245902,25.131683111190796,25.131683111190796
ORB,500,4,1500,0.4,rbf,10.0,scale,0.2868471602664956,0.29918032786885246,54.67816209793091,54.67816209793091
ORB,500,4,1500,0.4,rbf,10.0,0.01,0.2478566055941236,0.26844262295081966,32.37285017967224,32.37285017967224
ORB,500,4,1500,0.4,rbf,10.0,0.001,0.24300260309793714,0.26741803278688525,30.718536376953125,30.718536376953125
ORB,500,4,1500,0.5,linear,0.1,scale,0.22614711322658038,0.23770491803278687,22.329566955566406,22.329566955566406
ORB,500,4,1500,0.5,linear,0.1,0.01,0.22614711322658038,0.23770491803278687,22.33938193321228,22.33938193321228
ORB,500,4,1500,0.5,linear,0.1,0.001,0.22614711322658038,0.23770491803278687,22.691251039505005,22.691251039505005
ORB,500,4,1500,0.5,linear,1.0,scale,0.22559786503466497,0.23668032786885246,27.273062229156494,27.273062229156494
ORB,500,4,1500,0.5,linear,1.0,0.01,0.22559786503466497,0.23668032786885246,27.378119945526123,27.378119945526123
ORB,500,4,1500,0.5,linear,1.0,0.001,0.22559786503466497,0.23668032786885246,28.15792202949524,28.15792202949524
ORB,500,4,1500,0.5,linear,10.0,scale,0.22194689150125324,0.23258196721311475,29.38036823272705,29.38036823272705
ORB,500,4,1500,0.5,linear,10.0,0.01,0.22194689150125324,0.23258196721311475,29.454240083694458,29.454240083694458
ORB,500,4,1500,0.5,linear,10.0,0.001,0.22194689150125324,0.23258196721311475,30.037017822265625,30.037017822265625
ORB,500,4,1500,0.5,rbf,0.1,scale,0.2683958633696873,0.2930327868852459,41.49467706680298,41.49467706680298
ORB,500,4,1500,0.5,rbf,0.1,0.01,0.22328827445304297,0.20081967213114754,19.812559843063354,19.812559843063354
ORB,500,4,1500,0.5,rbf,0.1,0.001,0.22524422123566548,0.21721311475409835,19.527428150177002,19.527428150177002
ORB,500,4,1500,0.5,rbf,1.0,scale,0.26834371288008835,0.29098360655737704,36.15200209617615,36.15200209617615
ORB,500,4,1500,0.5,rbf,1.0,0.01,0.22934710767640598,0.24282786885245902,23.189532995224,23.189532995224
ORB,500,4,1500,0.5,rbf,1.0,0.001,0.22301045369476272,0.24077868852459017,17.801022052764893,17.801022052764893
ORB,500,4,1500,0.5,rbf,10.0,scale,0.25960252783479765,0.2817622950819672,35.36802291870117,35.36802291870117
ORB,500,4,1500,0.5,rbf,10.0,0.01,0.22966804475682592,0.24385245901639344,20.781177043914795,20.781177043914795
ORB,500,4,1500,0.5,rbf,10.0,0.001,0.22554111163303023,0.24385245901639344,19.997659921646118,19.997659921646118
ORB,1000,4,500,0.3,linear,0.1,scale,0.23889520611241116,0.2540983606557377,18.399607181549072,18.399607181549072
ORB,1000,4,500,0.3,linear,0.1,0.01,0.23889520611241116,0.2540983606557377,18.471477031707764,18.471477031707764
ORB,1000,4,500,0.3,linear,0.1,0.001,0.23889520611241116,0.2540983606557377,18.689639806747437,18.689639806747437
ORB,1000,4,500,0.3,linear,1.0,scale,0.2398779825582334,0.2510245901639344,20.46031165122986,20.46031165122986
ORB,1000,4,500,0.3,linear,1.0,0.01,0.2398779825582334,0.2510245901639344,20.481573820114136,20.481573820114136
ORB,1000,4,500,0.3,linear,1.0,0.001,0.2398779825582334,0.2510245901639344,20.415180921554565,20.415180921554565
ORB,1000,4,500,0.3,linear,10.0,scale,0.24055783306845843,0.25614754098360654,23.215848922729492,23.215848922729492
ORB,1000,4,500,0.3,linear,10.0,0.01,0.24055783306845843,0.25614754098360654,22.88419222831726,22.88419222831726
ORB,1000,4,500,0.3,linear,10.0,0.001,0.24055783306845843,0.25614754098360654,22.980998039245605,22.980998039245605
ORB,1000,4,500,0.3,rbf,0.1,scale,0.27983701058267924,0.3155737704918033,27.19766616821289,27.19766616821289
ORB,1000,4,500,0.3,rbf,0.1,0.01,0.23636104605351976,0.26536885245901637,13.97170090675354,13.97170090675354
ORB,1000,4,500,0.3,rbf,0.1,0.001,0.23315038301576174,0.24692622950819673,13.728343963623047,13.728343963623047
ORB,1000,4,500,0.3,rbf,1.0,scale,0.27986138954512646,0.3165983606557377,27.09973692893982,27.09973692893982
ORB,1000,4,500,0.3,rbf,1.0,0.01,0.25244508928951537,0.26024590163934425,17.128530979156494,17.128530979156494
ORB,1000,4,500,0.3,rbf,1.0,0.001,0.23268902343349956,0.2305327868852459,14.305013179779053,14.305013179779053
ORB,1000,4,500,0.3,rbf,10.0,scale,0.28085622859644416,0.29815573770491804,35.11034321784973,35.11034321784973
ORB,1000,4,500,0.3,rbf,10.0,0.01,0.25346248414112915,0.2766393442622951,19.23193597793579,19.23193597793579
ORB,1000,4,500,0.3,rbf,10.0,0.001,0.23894834663822556,0.25614754098360654,17.6632719039917,17.6632719039917
ORB,1000,4,500,0.4,linear,0.1,scale,0.2393858237834346,0.26844262295081966,13.851837873458862,13.851837873458862
ORB,1000,4,500,0.4,linear,0.1,0.01,0.2393858237834346,0.26844262295081966,13.838804960250854,13.838804960250854
ORB,1000,4,500,0.4,linear,0.1,0.001,0.2393858237834346,0.26844262295081966,13.958493947982788,13.958493947982788
ORB,1000,4,500,0.4,linear,1.0,scale,0.23977988824535323,0.27561475409836067,14.741960048675537,14.741960048675537
ORB,1000,4,500,0.4,linear,1.0,0.01,0.23977988824535323,0.27561475409836067,14.451676845550537,14.451676845550537
ORB,1000,4,500,0.4,linear,1.0,0.001,0.23977988824535323,0.27561475409836067,14.232640027999878,14.232640027999878
ORB,1000,4,500,0.4,linear,10.0,scale,0.23993712343663276,0.26844262295081966,15.30365800857544,15.30365800857544
ORB,1000,4,500,0.4,linear,10.0,0.01,0.23993712343663276,0.26844262295081966,15.282397031784058,15.282397031784058
ORB,1000,4,500,0.4,linear,10.0,0.001,0.23993712343663276,0.26844262295081966,15.494891881942749,15.494891881942749
ORB,1000,4,500,0.4,rbf,0.1,scale,0.29377925956821327,0.3094262295081967,18.87401294708252,18.87401294708252
ORB,1000,4,500,0.4,rbf,0.1,0.01,0.23339529094004807,0.23770491803278687,10.05918002128601,10.05918002128601
ORB,1000,4,500,0.4,rbf,0.1,0.001,0.22775996112361058,0.2305327868852459,9.717285871505737,9.717285871505737
ORB,1000,4,500,0.4,rbf,1.0,scale,0.29378044590109387,0.3084016393442623,19.28575825691223,19.28575825691223
ORB,1000,4,500,0.4,rbf,1.0,0.01,0.2537625888641847,0.26536885245901637,12.36855411529541,12.36855411529541
ORB,1000,4,500,0.4,rbf,1.0,0.001,0.23115488006691515,0.2305327868852459,10.268818855285645,10.268818855285645
ORB,1000,4,500,0.4,rbf,10.0,scale,0.2952474405020184,0.30020491803278687,23.720630168914795,23.720630168914795
ORB,1000,4,500,0.4,rbf,10.0,0.01,0.24916334659210354,0.27049180327868855,13.894850015640259,13.894850015640259
ORB,1000,4,500,0.4,rbf,10.0,0.001,0.24020536548652438,0.2725409836065574,12.8374342918396,12.8374342918396
ORB,1000,4,500,0.5,linear,0.1,scale,0.25189485819597407,0.2827868852459016,9.441918849945068,9.441918849945068
ORB,1000,4,500,0.5,linear,0.1,0.01,0.25189485819597407,0.2827868852459016,9.38656997680664,9.38656997680664
ORB,1000,4,500,0.5,linear,0.1,0.001,0.25189485819597407,0.2827868852459016,9.178269863128662,9.178269863128662
ORB,1000,4,500,0.5,linear,1.0,scale,0.251330811770525,0.2889344262295082,9.523684024810791,9.523684024810791
ORB,1000,4,500,0.5,linear,1.0,0.01,0.251330811770525,0.2889344262295082,9.502142906188965,9.502142906188965
ORB,1000,4,500,0.5,linear,1.0,0.001,0.251330811770525,0.2889344262295082,9.511067867279053,9.511067867279053
ORB,1000,4,500,0.5,linear,10.0,scale,0.2521002066305152,0.29508196721311475,10.052755117416382,10.052755117416382
ORB,1000,4,500,0.5,linear,10.0,0.01,0.2521002066305152,0.29508196721311475,9.8794686794281,9.8794686794281
ORB,1000,4,500,0.5,linear,10.0,0.001,0.2521002066305152,0.29508196721311475,9.856294870376587,9.856294870376587
ORB,1000,4,500,0.5,rbf,0.1,scale,0.2951831182643204,0.32991803278688525,12.976317167282104,12.976317167282104
ORB,1000,4,500,0.5,rbf,0.1,0.01,0.24382285333245504,0.2530737704918033,6.773391962051392,6.773391962051392
ORB,1000,4,500,0.5,rbf,0.1,0.001,0.23446616792475578,0.24385245901639344,6.47691798210144,6.47691798210144
ORB,1000,4,500,0.5,rbf,1.0,scale,0.29546406670189074,0.32991803278688525,13.212329864501953,13.212329864501953
ORB,1000,4,500,0.5,rbf,1.0,0.01,0.2615497765404965,0.3012295081967213,8.331149101257324,8.331149101257324
ORB,1000,4,500,0.5,rbf,1.0,0.001,0.23858835406556253,0.24385245901639344,6.665575265884399,6.665575265884399
ORB,1000,4,500,0.5,rbf,10.0,scale,0.2957226647916255,0.3114754098360656,15.564465999603271,15.564465999603271
ORB,1000,4,500,0.5,rbf,10.0,0.01,0.25675674461015985,0.2930327868852459,9.23138689994812,9.23138689994812
ORB,1000,4,500,0.5,rbf,10.0,0.001,0.2526775813455951,0.2807377049180328,8.531845331192017,8.531845331192017
ORB,1000,4,1000,0.3,linear,0.1,scale,0.23090836006485768,0.2336065573770492,39.30332899093628,39.30332899093628
ORB,1000,4,1000,0.3,linear,0.1,0.01,0.23090836006485768,0.2336065573770492,39.59524726867676,39.59524726867676
ORB,1000,4,1000,0.3,linear,0.1,0.001,0.23090836006485768,0.2336065573770492,39.50972390174866,39.50972390174866
ORB,1000,4,1000,0.3,linear,1.0,scale,0.23080607487530752,0.2346311475409836,40.906757831573486,40.906757831573486
ORB,1000,4,1000,0.3,linear,1.0,0.01,0.23080607487530752,0.2346311475409836,40.96564507484436,40.96564507484436
ORB,1000,4,1000,0.3,linear,1.0,0.001,0.23080607487530752,0.2346311475409836,40.80987787246704,40.80987787246704
ORB,1000,4,1000,0.3,linear,10.0,scale,0.23267896686461217,0.24077868852459017,41.86192989349365,41.86192989349365
ORB,1000,4,1000,0.3,linear,10.0,0.01,0.23267896686461217,0.24077868852459017,40.67540788650513,40.67540788650513
ORB,1000,4,1000,0.3,linear,10.0,0.001,0.23267896686461217,0.24077868852459017,40.66247200965881,40.66247200965881
ORB,1000,4,1000,0.3,rbf,0.1,scale,0.26937553047184615,0.2827868852459016,52.74639105796814,52.74639105796814
ORB,1000,4,1000,0.3,rbf,0.1,0.01,0.24216753662065443,0.23668032786885246,28.824235916137695,28.824235916137695
ORB,1000,4,1000,0.3,rbf,0.1,0.001,0.22916181122490445,0.2387295081967213,28.355724096298218,28.355724096298218
ORB,1000,4,1000,0.3,rbf,1.0,scale,0.2697099219603644,0.2807377049180328,51.91947889328003,51.91947889328003
ORB,1000,4,1000,0.3,rbf,1.0,0.01,0.23970274593590774,0.2520491803278688,34.33391785621643,34.33391785621643
ORB,1000,4,1000,0.3,rbf,1.0,0.001,0.23426129480895685,0.23770491803278687,23.357927083969116,23.357927083969116
ORB,1000,4,1000,0.3,rbf,10.0,scale,0.26583788695396937,0.27151639344262296,51.46269106864929,51.46269106864929
ORB,1000,4,1000,0.3,rbf,10.0,0.01,0.23928680444487646,0.24385245901639344,31.588594913482666,31.588594913482666
ORB,1000,4,1000,0.3,rbf,10.0,0.001,0.23587663136246056,0.24795081967213115,30.325824975967407,30.325824975967407
ORB,1000,4,1000,0.4,linear,0.1,scale,0.21732881572053814,0.22028688524590165,21.371340036392212,21.371340036392212
ORB,1000,4,1000,0.4,linear,0.1,0.01,0.21732881572053814,0.22028688524590165,23.498136043548584,23.498136043548584
ORB,1000,4,1000,0.4,linear,0.1,0.001,0.21732881572053814,0.22028688524590165,24.42965602874756,24.42965602874756
ORB,1000,4,1000,0.4,linear,1.0,scale,0.21744658457343818,0.2192622950819672,25.440418004989624,25.440418004989624
ORB,1000,4,1000,0.4,linear,1.0,0.01,0.21744658457343818,0.2192622950819672,26.37471294403076,26.37471294403076
ORB,1000,4,1000,0.4,linear,1.0,0.001,0.21744658457343818,0.2192622950819672,26.980751037597656,26.980751037597656
ORB,1000,4,1000,0.4,linear,10.0,scale,0.21883841304679136,0.22438524590163936,27.86589002609253,27.86589002609253
ORB,1000,4,1000,0.4,linear,10.0,0.01,0.21883841304679136,0.22438524590163936,28.378769874572754,28.378769874572754
ORB,1000,4,1000,0.4,linear,10.0,0.001,0.21883841304679136,0.22438524590163936,28.718344926834106,28.718344926834106
ORB,1000,4,1000,0.4,rbf,0.1,scale,0.2642734869524211,0.2838114754098361,39.03305983543396,39.03305983543396
ORB,1000,4,1000,0.4,rbf,0.1,0.01,0.22022721880234347,0.23258196721311475,20.966901063919067,20.966901063919067
ORB,1000,4,1000,0.4,rbf,0.1,0.001,0.21288235765248711,0.2223360655737705,20.2500159740448,20.2500159740448
ORB,1000,4,1000,0.4,rbf,1.0,scale,0.2643090016830658,0.2827868852459016,36.75313401222229,36.75313401222229
ORB,1000,4,1000,0.4,rbf,1.0,0.01,0.22338364805100125,0.2223360655737705,24.095766067504883,24.095766067504883
ORB,1000,4,1000,0.4,rbf,1.0,0.001,0.2159366182293315,0.22848360655737704,17.102302074432373,17.102302074432373
ORB,1000,4,1000,0.4,rbf,10.0,scale,0.25883736450052724,0.27459016393442626,36.50855088233948,36.50855088233948
ORB,1000,4,1000,0.4,rbf,10.0,0.01,0.22290951208626192,0.22438524590163936,22.467478036880493,22.467478036880493
ORB,1000,4,1000,0.4,rbf,10.0,0.001,0.21828124372482263,0.21721311475409835,21.278059005737305,21.278059005737305
ORB,1000,4,1000,0.5,linear,0.1,scale,0.23756594392410557,0.2530737704918033,15.03488802909851,15.03488802909851
ORB,1000,4,1000,0.5,linear,0.1,0.01,0.23756594392410557,0.2530737704918033,14.167589902877808,14.167589902877808
ORB,1000,4,1000,0.5,linear,0.1,0.001,0.23756594392410557,0.2530737704918033,14.213887929916382,14.213887929916382
ORB,1000,4,1000,0.5,linear,1.0,scale,0.23763352405951785,0.2540983606557377,16.499483823776245,16.499483823776245
ORB,1000,4,1000,0.5,linear,1.0,0.01,0.23763352405951785,0.2540983606557377,17.74821710586548,17.74821710586548
ORB,1000,4,1000,0.5,linear,1.0,0.001,0.23763352405951785,0.2540983606557377,18.53603506088257,18.53603506088257
ORB,1000,4,1000,0.5,linear,10.0,scale,0.2354968706731531,0.24692622950819673,19.19043469429016,19.19043469429016
ORB,1000,4,1000,0.5,linear,10.0,0.01,0.2354968706731531,0.24692622950819673,19.539927005767822,19.539927005767822
ORB,1000,4,1000,0.5,linear,10.0,0.001,0.2354968706731531,0.24692622950819673,19.357484102249146,19.357484102249146
ORB,1000,4,1000,0.5,rbf,0.1,scale,0.2808113064142388,0.3094262295081967,27.127432107925415,27.127432107925415
ORB,1000,4,1000,0.5,rbf,0.1,0.01,0.245875300673866,0.26639344262295084,13.243031024932861,13.243031024932861
ORB,1000,4,1000,0.5,rbf,0.1,0.001,0.24076113949529931,0.2551229508196721,12.89021611213684,12.89021611213684
ORB,1000,4,1000,0.5,rbf,1.0,scale,0.28089740209545866,0.3104508196721312,24.061702013015747,24.061702013015747
ORB,1000,4,1000,0.5,rbf,1.0,0.01,0.24301594444099694,0.2551229508196721,16.352214097976685,16.352214097976685
ORB,1000,4,1000,0.5,rbf,1.0,0.001,0.2388877335650755,0.24795081967213115,12.57009506225586,12.57009506225586
ORB,1000,4,1000,0.5,rbf,10.0,scale,0.2808508459845897,0.3114754098360656,24.873836994171143,24.873836994171143
ORB,1000,4,1000,0.5,rbf,10.0,0.01,0.24227051733422536,0.2612704918032787,14.252054929733276,14.252054929733276
ORB,1000,4,1000,0.5,rbf,10.0,0.001,0.2374431327913912,0.2520491803278688,13.467301845550537,13.467301845550537
ORB,1000,4,1500,0.3,linear,0.1,scale,0.22131505828432432,0.22745901639344263,48.447794914245605,48.447794914245605
ORB,1000,4,1500,0.3,linear,0.1,0.01,0.22131505828432432,0.22745901639344263,49.900527000427246,49.900527000427246
ORB,1000,4,1500,0.3,linear,0.1,0.001,0.22131505828432432,0.22745901639344263,52.22932505607605,52.22932505607605
ORB,1000,4,1500,0.3,linear,1.0,scale,0.22165429442793405,0.23155737704918034,57.08856916427612,57.08856916427612
ORB,1000,4,1500,0.3,linear,1.0,0.01,0.22165429442793405,0.23155737704918034,57.28414797782898,57.28414797782898
ORB,1000,4,1500,0.3,linear,1.0,0.001,0.22165429442793405,0.23155737704918034,57.937161922454834,57.937161922454834
ORB,1000,4,1500,0.3,linear,10.0,scale,0.22285367360116948,0.23565573770491804,59.74382710456848,59.74382710456848
ORB,1000,4,1500,0.3,linear,10.0,0.01,0.22285367360116948,0.23565573770491804,59.83131384849548,59.83131384849548
ORB,1000,4,1500,0.3,linear,10.0,0.001,0.22285367360116948,0.23565573770491804,59.979806900024414,59.979806900024414
ORB,1000,4,1500,0.3,rbf,0.1,scale,0.265563387652526,0.2899590163934426,76.51116108894348,76.51116108894348
ORB,1000,4,1500,0.3,rbf,0.1,0.01,0.22949673267296183,0.23155737704918034,39.544806718826294,39.544806718826294
ORB,1000,4,1500,0.3,rbf,0.1,0.001,0.22282987634170284,0.21311475409836064,38.595829010009766,38.595829010009766
ORB,1000,4,1500,0.3,rbf,1.0,scale,0.265586633923958,0.2889344262295082,73.35227227210999,73.35227227210999
ORB,1000,4,1500,0.3,rbf,1.0,0.01,0.229230548211193,0.2387295081967213,49.041123151779175,49.041123151779175
ORB,1000,4,1500,0.3,rbf,1.0,0.001,0.2200469828507911,0.22540983606557377,33.73249101638794,33.73249101638794
ORB,1000,4,1500,0.3,rbf,10.0,scale,0.2619339492888342,0.2776639344262295,74.83587574958801,74.83587574958801
ORB,1000,4,1500,0.3,rbf,10.0,0.01,0.22760977312076047,0.24180327868852458,46.34607005119324,46.34607005119324
ORB,1000,4,1500,0.3,rbf,10.0,0.001,0.2227186021635216,0.23258196721311475,44.48942685127258,44.48942685127258
ORB,1000,4,1500,0.4,linear,0.1,scale,0.24211211922646694,0.26331967213114754,33.87473106384277,33.87473106384277
ORB,1000,4,1500,0.4,linear,0.1,0.01,0.24211211922646694,0.26331967213114754,34.00157690048218,34.00157690048218
ORB,1000,4,1500,0.4,linear,0.1,0.001,0.24211211922646694,0.26331967213114754,34.399930238723755,34.399930238723755
ORB,1000,4,1500,0.4,linear,1.0,scale,0.2419425815343726,0.26536885245901637,37.06315302848816,37.06315302848816
ORB,1000,4,1500,0.4,linear,1.0,0.01,0.2419425815343726,0.26536885245901637,38.84308671951294,38.84308671951294
ORB,1000,4,1500,0.4,linear,1.0,0.001,0.2419425815343726,0.26536885245901637,39.70685005187988,39.70685005187988
ORB,1000,4,1500,0.4,linear,10.0,scale,0.2413799670491256,0.2540983606557377,40.50032615661621,40.50032615661621
ORB,1000,4,1500,0.4,linear,10.0,0.01,0.2413799670491256,0.2540983606557377,41.376425981521606,41.376425981521606
ORB,1000,4,1500,0.4,linear,10.0,0.001,0.2413799670491256,0.2540983606557377,41.650559186935425,41.650559186935425
ORB,1000,4,1500,0.4,rbf,0.1,scale,0.28854282984375884,0.32581967213114754,55.38226318359375,55.38226318359375
ORB,1000,4,1500,0.4,rbf,0.1,0.01,0.2380712250447074,0.21721311475409835,28.65479826927185,28.65479826927185
ORB,1000,4,1500,0.4,rbf,0.1,0.001,0.22373715003237166,0.24795081967213115,27.242626190185547,27.242626190185547
ORB,1000,4,1500,0.4,rbf,1.0,scale,0.2889021015669175,0.32581967213114754,52.10924577713013,52.10924577713013
ORB,1000,4,1500,0.4,rbf,1.0,0.01,0.24853385488833862,0.26536885245901637,34.43611812591553,34.43611812591553
ORB,1000,4,1500,0.4,rbf,1.0,0.001,0.23312626578873777,0.24282786885245902,25.326585054397583,25.326585054397583
ORB,1000,4,1500,0.4,rbf,10.0,scale,0.2868471602664956,0.29918032786885246,54.01438069343567,54.01438069343567
ORB,1000,4,1500,0.4,rbf,10.0,0.01,0.2478566055941236,0.26844262295081966,32.13172721862793,32.13172721862793
ORB,1000,4,1500,0.4,rbf,10.0,0.001,0.24300260309793714,0.26741803278688525,30.52363395690918,30.52363395690918
ORB,1000,4,1500,0.5,linear,0.1,scale,0.22614711322658038,0.23770491803278687,22.44011616706848,22.44011616706848
ORB,1000,4,1500,0.5,linear,0.1,0.01,0.22614711322658038,0.23770491803278687,22.460323095321655,22.460323095321655
ORB,1000,4,1500,0.5,linear,0.1,0.001,0.22614711322658038,0.23770491803278687,22.29243493080139,22.29243493080139
ORB,1000,4,1500,0.5,linear,1.0,scale,0.22559786503466497,0.23668032786885246,26.9249370098114,26.9249370098114
ORB,1000,4,1500,0.5,linear,1.0,0.01,0.22559786503466497,0.23668032786885246,27.303235054016113,27.303235054016113
ORB,1000,4,1500,0.5,linear,1.0,0.001,0.22559786503466497,0.23668032786885246,27.987546920776367,27.987546920776367
ORB,1000,4,1500,0.5,linear,10.0,scale,0.22194689150125324,0.23258196721311475,29.20153284072876,29.20153284072876
ORB,1000,4,1500,0.5,linear,10.0,0.01,0.22194689150125324,0.23258196721311475,29.286678791046143,29.286678791046143
ORB,1000,4,1500,0.5,linear,10.0,0.001,0.22194689150125324,0.23258196721311475,29.824177980422974,29.824177980422974
ORB,1000,4,1500,0.5,rbf,0.1,scale,0.2683958633696873,0.2930327868852459,41.36299419403076,41.36299419403076
ORB,1000,4,1500,0.5,rbf,0.1,0.01,0.22328827445304297,0.20081967213114754,19.85263228416443,19.85263228416443
ORB,1000,4,1500,0.5,rbf,0.1,0.001,0.22524422123566548,0.21721311475409835,19.350295066833496,19.350295066833496
ORB,1000,4,1500,0.5,rbf,1.0,scale,0.26834371288008835,0.29098360655737704,36.20591402053833,36.20591402053833
ORB,1000,4,1500,0.5,rbf,1.0,0.01,0.22934710767640598,0.24282786885245902,23.600749969482422,23.600749969482422
ORB,1000,4,1500,0.5,rbf,1.0,0.001,0.22301045369476272,0.24077868852459017,18.136369943618774,18.136369943618774
ORB,1000,4,1500,0.5,rbf,10.0,scale,0.25960252783479765,0.2817622950819672,35.42255711555481,35.42255711555481
ORB,1000,4,1500,0.5,rbf,10.0,0.01,0.22966804475682592,0.24385245901639344,20.902038097381592,20.902038097381592
ORB,1000,4,1500,0.5,rbf,10.0,0.001,0.22554111163303023,0.24385245901639344,19.785720825195312,19.785720825195312
